model,seed,run_id,epsilon,baseline_selected_candidate,epsilon_selected_candidate,same_as_epsilon0,near_tie,selected_candidate,selected_family,feasible_candidate_count,top_two_jerk_gap,near_tie_threshold
GRU,0,P2B_011_log_primary_GRU_s0,0.0,qreg_l1,qreg_l1,True,False,qreg_l1,QReg,7,0.1392194179455516,0.016478618763171693
GRU,1,P2B_012_log_primary_GRU_s1,0.0,sg_w5_p2,sg_w5_p2,True,False,sg_w5_p2,SG,8,0.015931417696745886,0.01286981190549418
GRU,2,P2B_013_log_primary_GRU_s2,0.0,qreg_l1,qreg_l1,True,False,qreg_l1,QReg,7,0.06428029167778415,0.01438169494762458
GRU,3,P2B_014_log_primary_GRU_s3,0.0,sg_w5_p2,sg_w5_p2,True,False,sg_w5_p2,SG,8,0.018405820865276312,0.01494375510962574
GRU,4,P2B_015_log_primary_GRU_s4,0.0,sg_w5_p2,sg_w5_p2,True,False,sg_w5_p2,SG,3,0.3697552119678251,0.013543085260312995
GRU,5,P2B_016_log_primary_GRU_s5,0.0,qreg_l1,qreg_l1,True,False,qreg_l1,QReg,7,0.01564176536898154,0.012342127979576616
GRU,6,P2B_017_log_primary_GRU_s6,0.0,qreg_l1,qreg_l1,True,False,qreg_l1,QReg,8,0.08081995432878963,0.014999017344873442
GRU,7,P2B_018_log_primary_GRU_s7,0.0,sg_w5_p2,sg_w5_p2,True,False,sg_w5_p2,SG,4,0.26257271017221717,0.015379677581684507
GRU,8,P2B_019_log_primary_GRU_s8,0.0,sg_w5_p2,sg_w5_p2,True,False,sg_w5_p2,SG,4,0.1607706907002503,0.013138834253100529
GRU,9,P2B_020_log_primary_GRU_s9,0.0,qreg_l1,qreg_l1,True,False,qreg_l1,QReg,8,0.03927883517190345,0.01464527594584772
LSTM,0,P2B_021_log_primary_LSTM_s0,0.0,sg_w5_p2,sg_w5_p2,True,False,sg_w5_p2,SG,8,0.01618812802216696,0.012579912369992745
LSTM,1,P2B_022_log_primary_LSTM_s1,0.0,qreg_l1,qreg_l1,True,False,qreg_l1,QReg,8,0.02007564342688606,0.012477106662210509
LSTM,2,P2B_023_log_primary_LSTM_s2,0.0,sg_w5_p2,sg_w5_p2,True,True,sg_w5_p2,SG,8,0.013726362362841638,0.014371966892536812
LSTM,3,P2B_024_log_primary_LSTM_s3,0.0,qreg_l1,qreg_l1,True,False,qreg_l1,QReg,8,0.03134936124233245,0.013045089824143185
LSTM,4,P2B_025_log_primary_LSTM_s4,0.0,qreg_l01,qreg_l01,True,False,qreg_l01,QReg,3,0.25333533276073616,0.011691555590334806
LSTM,5,P2B_026_log_primary_LSTM_s5,0.0,sg_w5_p2,sg_w5_p2,True,False,sg_w5_p2,SG,5,0.17388046411560187,0.01308873333091501
LSTM,6,P2B_027_log_primary_LSTM_s6,0.0,sg_w5_p2,sg_w5_p2,True,True,sg_w5_p2,SG,9,0.019217864242178084,0.020610227037047183
LSTM,7,P2B_028_log_primary_LSTM_s7,0.0,sg_w5_p2,sg_w5_p2,True,False,sg_w5_p2,SG,6,0.07913892000113032,0.01668061180343144
LSTM,8,P2B_029_log_primary_LSTM_s8,0.0,sg_w5_p2,sg_w5_p2,True,False,sg_w5_p2,SG,5,0.1208787160411876,0.011753360996019127
LSTM,9,P2B_030_log_primary_LSTM_s9,0.0,sg_w5_p2,sg_w5_p2,True,False,sg_w5_p2,SG,8,0.02559907956286611,0.013294145809599358
MLP,0,P2B_001_log_primary_MLP_s0,0.0,qreg_l1,qreg_l1,True,False,qreg_l1,QReg,8,0.03930706448695598,0.020195635519960963
MLP,1,P2B_002_log_primary_MLP_s1,0.0,sg_w5_p2,sg_w5_p2,True,False,sg_w5_p2,SG,8,0.08201917369693779,0.021662113268542928
MLP,2,P2B_003_log_primary_MLP_s2,0.0,qreg_l1,qreg_l1,True,False,qreg_l1,QReg,7,0.09120074149182988,0.018754443320613486
MLP,3,P2B_004_log_primary_MLP_s3,0.0,qreg_l1,qreg_l1,True,False,qreg_l1,QReg,8,0.1721482797295073,0.019335401288592107
MLP,4,P2B_005_log_primary_MLP_s4,0.0,qreg_l1,qreg_l1,True,False,qreg_l1,QReg,8,0.0812622051321179,0.024020471701316676
MLP,5,P2B_006_log_primary_MLP_s5,0.0,qreg_l01,qreg_l01,True,False,qreg_l01,QReg,4,0.2595246492685377,0.02427393378434304
MLP,6,P2B_007_log_primary_MLP_s6,0.0,qreg_l1,qreg_l1,True,False,qreg_l1,QReg,7,0.12233658052424867,0.020160776341631947
MLP,7,P2B_008_log_primary_MLP_s7,0.0,qreg_l1,qreg_l1,True,False,qreg_l1,QReg,8,0.1920645970852446,0.02392294991106943
MLP,8,P2B_009_log_primary_MLP_s8,0.0,qreg_l1,qreg_l1,True,False,qreg_l1,QReg,8,0.08738641414465731,0.018114919525410847
MLP,9,P2B_010_log_primary_MLP_s9,0.0,qreg_l1,qreg_l1,True,False,qreg_l1,QReg,7,0.1338073228252188,0.019621168479736367
PositionalTransformer,0,P2B_041_log_primary_PositionalTransformer_s0,0.0,sg_w5_p2,sg_w5_p2,True,False,sg_w5_p2,SG,5,0.14244937595980645,0.014046183660205163
PositionalTransformer,1,P2B_042_log_primary_PositionalTransformer_s1,0.0,qreg_l1,qreg_l1,True,False,qreg_l1,QReg,8,0.020570849253703782,0.01365434267580043
PositionalTransformer,2,P2B_043_log_primary_PositionalTransformer_s2,0.0,qreg_l1,qreg_l1,True,False,qreg_l1,QReg,7,0.1099866669481947,0.02334932247826757
PositionalTransformer,3,P2B_044_log_primary_PositionalTransformer_s3,0.0,qreg_l1,qreg_l1,True,False,qreg_l1,QReg,7,0.1829003662774158,0.0201690378926524
PositionalTransformer,4,P2B_045_log_primary_PositionalTransformer_s4,0.0,qreg_l01,qreg_l01,True,False,qreg_l01,QReg,3,0.452749875233988,0.018889702843451
PositionalTransformer,5,P2B_046_log_primary_PositionalTransformer_s5,0.0,qreg_l01,qreg_l01,True,False,qreg_l01,QReg,4,0.15132489646292124,0.018091525311284464
PositionalTransformer,6,P2B_047_log_primary_PositionalTransformer_s6,0.0,raw,raw,True,True,raw,Raw,2,0.0,0.016147753896788485
PositionalTransformer,7,P2B_048_log_primary_PositionalTransformer_s7,0.0,qreg_l1,qreg_l1,True,False,qreg_l1,QReg,8,0.17787848257852223,0.02193284772823733
PositionalTransformer,8,P2B_049_log_primary_PositionalTransformer_s8,0.0,qreg_l1,qreg_l1,True,False,qreg_l1,QReg,8,0.11226662346251381,0.02229554053471853
PositionalTransformer,9,P2B_050_log_primary_PositionalTransformer_s9,0.0,sg_w5_p2,sg_w5_p2,True,False,sg_w5_p2,SG,5,0.2996804559809152,0.01927955086490412
TemporalCNN,0,P2B_031_log_primary_TemporalCNN_s0,0.0,qreg_l1,qreg_l1,True,False,qreg_l1,QReg,8,0.1751319120504652,0.03326489092297924
TemporalCNN,1,P2B_032_log_primary_TemporalCNN_s1,0.0,qreg_l1,qreg_l1,True,False,qreg_l1,QReg,7,0.07053751733628855,0.01991443247272687
TemporalCNN,2,P2B_033_log_primary_TemporalCNN_s2,0.0,sg_w5_p2,sg_w5_p2,True,False,sg_w5_p2,SG,6,0.22534319610823128,0.019097274140777398
TemporalCNN,3,P2B_034_log_primary_TemporalCNN_s3,0.0,qreg_l1,qreg_l1,True,False,qreg_l1,QReg,7,0.0670831197422661,0.019915277631406676
TemporalCNN,4,P2B_035_log_primary_TemporalCNN_s4,0.0,qreg_l1,qreg_l1,True,False,qreg_l1,QReg,7,0.37336774789594385,0.03783532378715501
TemporalCNN,5,P2B_036_log_primary_TemporalCNN_s5,0.0,qreg_l1,qreg_l1,True,False,qreg_l1,QReg,7,0.14081060836614445,0.0216180269140379
TemporalCNN,6,P2B_037_log_primary_TemporalCNN_s6,0.0,qreg_l1,qreg_l1,True,False,qreg_l1,QReg,7,0.1609630634114494,0.0391057832320371
TemporalCNN,7,P2B_038_log_primary_TemporalCNN_s7,0.0,qreg_l1,qreg_l1,True,False,qreg_l1,QReg,7,0.21760666788362115,0.01925585224479185
TemporalCNN,8,P2B_039_log_primary_TemporalCNN_s8,0.0,qreg_l1,qreg_l1,True,False,qreg_l1,QReg,7,0.06884611147466912,0.019017419172409684
TemporalCNN,9,P2B_040_log_primary_TemporalCNN_s9,0.0,qreg_l1,qreg_l1,True,False,qreg_l1,QReg,7,0.15512474701700318,0.020106387485906017
GRU,0,P2B_011_log_primary_GRU_s0,0.001,qreg_l1,qreg_l1,True,False,qreg_l1,QReg,8,0.12565576225982122,0.016478618763171693
GRU,1,P2B_012_log_primary_GRU_s1,0.001,sg_w5_p2,sg_w5_p2,True,False,sg_w5_p2,SG,8,0.015931417696745886,0.01286981190549418
GRU,2,P2B_013_log_primary_GRU_s2,0.001,qreg_l1,qreg_l1,True,False,qreg_l1,QReg,8,0.06428029167778415,0.01438169494762458
GRU,3,P2B_014_log_primary_GRU_s3,0.001,sg_w5_p2,sg_w5_p2,True,False,sg_w5_p2,SG,8,0.018405820865276312,0.01494375510962574
GRU,4,P2B_015_log_primary_GRU_s4,0.001,sg_w5_p2,sg_w5_p2,True,False,sg_w5_p2,SG,5,0.10284649476871244,0.013543085260312995
GRU,5,P2B_016_log_primary_GRU_s5,0.001,qreg_l1,qreg_l1,True,False,qreg_l1,QReg,8,0.01564176536898154,0.012342127979576616
GRU,6,P2B_017_log_primary_GRU_s6,0.001,qreg_l1,qreg_l1,True,False,qreg_l1,QReg,8,0.08081995432878963,0.014999017344873442
GRU,7,P2B_018_log_primary_GRU_s7,0.001,sg_w5_p2,sg_w5_p2,True,False,sg_w5_p2,SG,5,0.26257271017221717,0.015379677581684507
GRU,8,P2B_019_log_primary_GRU_s8,0.001,sg_w5_p2,sg_w5_p2,True,False,sg_w5_p2,SG,5,0.1607706907002503,0.013138834253100529
GRU,9,P2B_020_log_primary_GRU_s9,0.001,qreg_l1,qreg_l1,True,False,qreg_l1,QReg,8,0.03927883517190345,0.01464527594584772
LSTM,0,P2B_021_log_primary_LSTM_s0,0.001,sg_w5_p2,sg_w5_p2,True,False,sg_w5_p2,SG,8,0.01618812802216696,0.012579912369992745
LSTM,1,P2B_022_log_primary_LSTM_s1,0.001,qreg_l1,qreg_l1,True,False,qreg_l1,QReg,8,0.02007564342688606,0.012477106662210509
LSTM,2,P2B_023_log_primary_LSTM_s2,0.001,sg_w5_p2,sg_w5_p2,True,True,sg_w5_p2,SG,8,0.013726362362841638,0.014371966892536812
LSTM,3,P2B_024_log_primary_LSTM_s3,0.001,qreg_l1,qreg_l1,True,False,qreg_l1,QReg,8,0.03134936124233245,0.013045089824143185
LSTM,4,P2B_025_log_primary_LSTM_s4,0.001,qreg_l01,sg_w5_p2,False,False,sg_w5_p2,SG,5,0.07251429236303686,0.011691555590334806
LSTM,5,P2B_026_log_primary_LSTM_s5,0.001,sg_w5_p2,qreg_l1,False,False,qreg_l1,QReg,8,0.03281112238113426,0.01308873333091501
LSTM,6,P2B_027_log_primary_LSTM_s6,0.001,sg_w5_p2,sg_w5_p2,True,True,sg_w5_p2,SG,9,0.019217864242178084,0.020610227037047183
LSTM,7,P2B_028_log_primary_LSTM_s7,0.001,sg_w5_p2,sg_w5_p2,True,True,sg_w5_p2,SG,8,0.00199555547328778,0.01668061180343144
LSTM,8,P2B_029_log_primary_LSTM_s8,0.001,sg_w5_p2,qreg_l1,False,False,qreg_l1,QReg,8,0.03515123835562317,0.011753360996019127
LSTM,9,P2B_030_log_primary_LSTM_s9,0.001,sg_w5_p2,sg_w5_p2,True,False,sg_w5_p2,SG,8,0.02559907956286611,0.013294145809599358
MLP,0,P2B_001_log_primary_MLP_s0,0.001,qreg_l1,qreg_l1,True,False,qreg_l1,QReg,8,0.03930706448695598,0.020195635519960963
MLP,1,P2B_002_log_primary_MLP_s1,0.001,sg_w5_p2,sg_w5_p2,True,False,sg_w5_p2,SG,8,0.08201917369693779,0.021662113268542928
MLP,2,P2B_003_log_primary_MLP_s2,0.001,qreg_l1,qreg_l1,True,False,qreg_l1,QReg,8,0.09120074149182988,0.018754443320613486
MLP,3,P2B_004_log_primary_MLP_s3,0.001,qreg_l1,qreg_l1,True,False,qreg_l1,QReg,8,0.1721482797295073,0.019335401288592107
MLP,4,P2B_005_log_primary_MLP_s4,0.001,qreg_l1,qreg_l1,True,False,qreg_l1,QReg,8,0.0812622051321179,0.024020471701316676
MLP,5,P2B_006_log_primary_MLP_s5,0.001,qreg_l01,sg_w5_p2,False,False,sg_w5_p2,SG,7,0.12856460643644563,0.02427393378434304
MLP,6,P2B_007_log_primary_MLP_s6,0.001,qreg_l1,qreg_l1,True,False,qreg_l1,QReg,7,0.12233658052424867,0.020160776341631947
MLP,7,P2B_008_log_primary_MLP_s7,0.001,qreg_l1,qreg_l1,True,False,qreg_l1,QReg,8,0.1920645970852446,0.02392294991106943
MLP,8,P2B_009_log_primary_MLP_s8,0.001,qreg_l1,qreg_l1,True,False,qreg_l1,QReg,8,0.08738641414465731,0.018114919525410847
MLP,9,P2B_010_log_primary_MLP_s9,0.001,qreg_l1,qreg_l1,True,False,qreg_l1,QReg,8,0.10641298930198828,0.019621168479736367
PositionalTransformer,0,P2B_041_log_primary_PositionalTransformer_s0,0.001,sg_w5_p2,qreg_l1,False,False,qreg_l1,QReg,7,0.054682205240134896,0.014046183660205163
PositionalTransformer,1,P2B_042_log_primary_PositionalTransformer_s1,0.001,qreg_l1,qreg_l1,True,False,qreg_l1,QReg,8,0.020570849253703782,0.01365434267580043
PositionalTransformer,2,P2B_043_log_primary_PositionalTransformer_s2,0.001,qreg_l1,qreg_l1,True,False,qreg_l1,QReg,8,0.1099866669481947,0.02334932247826757
PositionalTransformer,3,P2B_044_log_primary_PositionalTransformer_s3,0.001,qreg_l1,qreg_l1,True,False,qreg_l1,QReg,7,0.1829003662774158,0.0201690378926524
PositionalTransformer,4,P2B_045_log_primary_PositionalTransformer_s4,0.001,qreg_l01,sg_w5_p2,False,False,sg_w5_p2,SG,5,0.23811833108405134,0.018889702843451
PositionalTransformer,5,P2B_046_log_primary_PositionalTransformer_s5,0.001,qreg_l01,sg_w5_p2,False,True,sg_w5_p2,SG,7,0.005545446890772188,0.018091525311284464
PositionalTransformer,6,P2B_047_log_primary_PositionalTransformer_s6,0.001,raw,qreg_l01,False,False,qreg_l01,QReg,4,0.09478337215928767,0.016147753896788485
PositionalTransformer,7,P2B_048_log_primary_PositionalTransformer_s7,0.001,qreg_l1,qreg_l1,True,False,qreg_l1,QReg,8,0.17787848257852223,0.02193284772823733
PositionalTransformer,8,P2B_049_log_primary_PositionalTransformer_s8,0.001,qreg_l1,qreg_l1,True,False,qreg_l1,QReg,8,0.11226662346251381,0.02229554053471853
PositionalTransformer,9,P2B_050_log_primary_PositionalTransformer_s9,0.001,sg_w5_p2,qreg_l1,False,True,qreg_l1,QReg,8,0.007311339383616389,0.01927955086490412
TemporalCNN,0,P2B_031_log_primary_TemporalCNN_s0,0.001,qreg_l1,qreg_l1,True,False,qreg_l1,QReg,8,0.1751319120504652,0.03326489092297924
TemporalCNN,1,P2B_032_log_primary_TemporalCNN_s1,0.001,qreg_l1,qreg_l1,True,False,qreg_l1,QReg,8,0.07053751733628855,0.01991443247272687
TemporalCNN,2,P2B_033_log_primary_TemporalCNN_s2,0.001,sg_w5_p2,qreg_l1,False,True,qreg_l1,QReg,7,0.004170818548036248,0.019097274140777398
TemporalCNN,3,P2B_034_log_primary_TemporalCNN_s3,0.001,qreg_l1,qreg_l1,True,False,qreg_l1,QReg,7,0.0670831197422661,0.019915277631406676
TemporalCNN,4,P2B_035_log_primary_TemporalCNN_s4,0.001,qreg_l1,qreg_l1,True,False,qreg_l1,QReg,7,0.37336774789594385,0.03783532378715501
TemporalCNN,5,P2B_036_log_primary_TemporalCNN_s5,0.001,qreg_l1,qreg_l1,True,False,qreg_l1,QReg,8,0.13997965872190887,0.0216180269140379
TemporalCNN,6,P2B_037_log_primary_TemporalCNN_s6,0.001,qreg_l1,qreg_l1,True,False,qreg_l1,QReg,7,0.1609630634114494,0.0391057832320371
TemporalCNN,7,P2B_038_log_primary_TemporalCNN_s7,0.001,qreg_l1,qreg_l1,True,False,qreg_l1,QReg,7,0.21760666788362115,0.01925585224479185
TemporalCNN,8,P2B_039_log_primary_TemporalCNN_s8,0.001,qreg_l1,qreg_l1,True,False,qreg_l1,QReg,8,0.03579884085789242,0.019017419172409684
TemporalCNN,9,P2B_040_log_primary_TemporalCNN_s9,0.001,qreg_l1,qreg_l1,True,False,qreg_l1,QReg,7,0.15512474701700318,0.020106387485906017
GRU,0,P2B_011_log_primary_GRU_s0,0.005,qreg_l1,qreg_l1,True,False,qreg_l1,QReg,8,0.12565576225982122,0.016478618763171693
GRU,1,P2B_012_log_primary_GRU_s1,0.005,sg_w5_p2,sg_w5_p2,True,False,sg_w5_p2,SG,8,0.015931417696745886,0.01286981190549418
GRU,2,P2B_013_log_primary_GRU_s2,0.005,qreg_l1,qreg_l1,True,False,qreg_l1,QReg,8,0.06428029167778415,0.01438169494762458
GRU,3,P2B_014_log_primary_GRU_s3,0.005,sg_w5_p2,sg_w5_p2,True,False,sg_w5_p2,SG,8,0.018405820865276312,0.01494375510962574
GRU,4,P2B_015_log_primary_GRU_s4,0.005,sg_w5_p2,qreg_l1,False,False,qreg_l1,QReg,8,0.036281437479786405,0.013543085260312995
GRU,5,P2B_016_log_primary_GRU_s5,0.005,qreg_l1,qreg_l1,True,False,qreg_l1,QReg,8,0.01564176536898154,0.012342127979576616
GRU,6,P2B_017_log_primary_GRU_s6,0.005,qreg_l1,qreg_l1,True,False,qreg_l1,QReg,8,0.08081995432878963,0.014999017344873442
GRU,7,P2B_018_log_primary_GRU_s7,0.005,sg_w5_p2,qreg_l1,False,False,qreg_l1,QReg,8,0.03697119813071992,0.015379677581684507
GRU,8,P2B_019_log_primary_GRU_s8,0.005,sg_w5_p2,qreg_l1,False,False,qreg_l1,QReg,8,0.041955888377480544,0.013138834253100529
GRU,9,P2B_020_log_primary_GRU_s9,0.005,qreg_l1,qreg_l1,True,False,qreg_l1,QReg,8,0.03927883517190345,0.01464527594584772
LSTM,0,P2B_021_log_primary_LSTM_s0,0.005,sg_w5_p2,sg_w5_p2,True,False,sg_w5_p2,SG,8,0.01618812802216696,0.012579912369992745
LSTM,1,P2B_022_log_primary_LSTM_s1,0.005,qreg_l1,qreg_l1,True,False,qreg_l1,QReg,8,0.02007564342688606,0.012477106662210509
LSTM,2,P2B_023_log_primary_LSTM_s2,0.005,sg_w5_p2,sg_w5_p2,True,True,sg_w5_p2,SG,8,0.013726362362841638,0.014371966892536812
LSTM,3,P2B_024_log_primary_LSTM_s3,0.005,qreg_l1,qreg_l1,True,False,qreg_l1,QReg,8,0.03134936124233245,0.013045089824143185
LSTM,4,P2B_025_log_primary_LSTM_s4,0.005,qreg_l01,qreg_l1,False,False,qreg_l1,QReg,8,0.013967848930593663,0.011691555590334806
LSTM,5,P2B_026_log_primary_LSTM_s5,0.005,sg_w5_p2,qreg_l1,False,False,qreg_l1,QReg,8,0.03281112238113426,0.01308873333091501
LSTM,6,P2B_027_log_primary_LSTM_s6,0.005,sg_w5_p2,sg_w5_p2,True,True,sg_w5_p2,SG,9,0.019217864242178084,0.020610227037047183
LSTM,7,P2B_028_log_primary_LSTM_s7,0.005,sg_w5_p2,sg_w5_p2,True,True,sg_w5_p2,SG,8,0.00199555547328778,0.01668061180343144
LSTM,8,P2B_029_log_primary_LSTM_s8,0.005,sg_w5_p2,qreg_l1,False,False,qreg_l1,QReg,8,0.03515123835562317,0.011753360996019127
LSTM,9,P2B_030_log_primary_LSTM_s9,0.005,sg_w5_p2,sg_w5_p2,True,False,sg_w5_p2,SG,8,0.02559907956286611,0.013294145809599358
MLP,0,P2B_001_log_primary_MLP_s0,0.005,qreg_l1,qreg_l1,True,False,qreg_l1,QReg,8,0.03930706448695598,0.020195635519960963
MLP,1,P2B_002_log_primary_MLP_s1,0.005,sg_w5_p2,sg_w5_p2,True,False,sg_w5_p2,SG,8,0.08201917369693779,0.021662113268542928
MLP,2,P2B_003_log_primary_MLP_s2,0.005,qreg_l1,qreg_l1,True,False,qreg_l1,QReg,8,0.09120074149182988,0.018754443320613486
MLP,3,P2B_004_log_primary_MLP_s3,0.005,qreg_l1,qreg_l1,True,False,qreg_l1,QReg,8,0.1721482797295073,0.019335401288592107
MLP,4,P2B_005_log_primary_MLP_s4,0.005,qreg_l1,qreg_l1,True,False,qreg_l1,QReg,8,0.0812622051321179,0.024020471701316676
MLP,5,P2B_006_log_primary_MLP_s5,0.005,qreg_l01,sg_w5_p2,False,False,sg_w5_p2,SG,8,0.12856460643644563,0.02427393378434304
MLP,6,P2B_007_log_primary_MLP_s6,0.005,qreg_l1,qreg_l1,True,False,qreg_l1,QReg,8,0.12233658052424867,0.020160776341631947
MLP,7,P2B_008_log_primary_MLP_s7,0.005,qreg_l1,qreg_l1,True,False,qreg_l1,QReg,8,0.1920645970852446,0.02392294991106943
MLP,8,P2B_009_log_primary_MLP_s8,0.005,qreg_l1,qreg_l1,True,False,qreg_l1,QReg,8,0.08738641414465731,0.018114919525410847
MLP,9,P2B_010_log_primary_MLP_s9,0.005,qreg_l1,qreg_l1,True,False,qreg_l1,QReg,8,0.10641298930198828,0.019621168479736367
PositionalTransformer,0,P2B_041_log_primary_PositionalTransformer_s0,0.005,sg_w5_p2,qreg_l1,False,False,qreg_l1,QReg,8,0.054682205240134896,0.014046183660205163
PositionalTransformer,1,P2B_042_log_primary_PositionalTransformer_s1,0.005,qreg_l1,qreg_l1,True,False,qreg_l1,QReg,8,0.020570849253703782,0.01365434267580043
PositionalTransformer,2,P2B_043_log_primary_PositionalTransformer_s2,0.005,qreg_l1,qreg_l1,True,False,qreg_l1,QReg,8,0.1099866669481947,0.02334932247826757
PositionalTransformer,3,P2B_044_log_primary_PositionalTransformer_s3,0.005,qreg_l1,qreg_l1,True,False,qreg_l1,QReg,8,0.1829003662774158,0.0201690378926524
PositionalTransformer,4,P2B_045_log_primary_PositionalTransformer_s4,0.005,qreg_l01,qreg_l1,False,False,qreg_l1,QReg,8,0.05966607322477513,0.018889702843451
PositionalTransformer,5,P2B_046_log_primary_PositionalTransformer_s5,0.005,qreg_l01,sg_w5_p2,False,True,sg_w5_p2,SG,8,0.005545446890772188,0.018091525311284464
PositionalTransformer,6,P2B_047_log_primary_PositionalTransformer_s6,0.005,raw,qreg_l1,False,False,qreg_l1,QReg,8,0.12568432666942275,0.016147753896788485
PositionalTransformer,7,P2B_048_log_primary_PositionalTransformer_s7,0.005,qreg_l1,sg_w5_p2,False,False,sg_w5_p2,SG,9,0.04645538267091265,0.02193284772823733
PositionalTransformer,8,P2B_049_log_primary_PositionalTransformer_s8,0.005,qreg_l1,qreg_l1,True,False,qreg_l1,QReg,8,0.11226662346251381,0.02229554053471853
PositionalTransformer,9,P2B_050_log_primary_PositionalTransformer_s9,0.005,sg_w5_p2,qreg_l1,False,True,qreg_l1,QReg,8,0.007311339383616389,0.01927955086490412
TemporalCNN,0,P2B_031_log_primary_TemporalCNN_s0,0.005,qreg_l1,qreg_l1,True,False,qreg_l1,QReg,8,0.1751319120504652,0.03326489092297924
TemporalCNN,1,P2B_032_log_primary_TemporalCNN_s1,0.005,qreg_l1,qreg_l1,True,False,qreg_l1,QReg,8,0.07053751733628855,0.01991443247272687
TemporalCNN,2,P2B_033_log_primary_TemporalCNN_s2,0.005,sg_w5_p2,qreg_l1,False,True,qreg_l1,QReg,8,0.004170818548036248,0.019097274140777398
TemporalCNN,3,P2B_034_log_primary_TemporalCNN_s3,0.005,qreg_l1,qreg_l1,True,False,qreg_l1,QReg,8,0.0670831197422661,0.019915277631406676
TemporalCNN,4,P2B_035_log_primary_TemporalCNN_s4,0.005,qreg_l1,sg_w5_p2,False,False,sg_w5_p2,SG,8,0.27723092433637975,0.03783532378715501
TemporalCNN,5,P2B_036_log_primary_TemporalCNN_s5,0.005,qreg_l1,qreg_l1,True,False,qreg_l1,QReg,8,0.13997965872190887,0.0216180269140379
TemporalCNN,6,P2B_037_log_primary_TemporalCNN_s6,0.005,qreg_l1,qreg_l1,True,False,qreg_l1,QReg,7,0.1609630634114494,0.0391057832320371
TemporalCNN,7,P2B_038_log_primary_TemporalCNN_s7,0.005,qreg_l1,qreg_l1,True,False,qreg_l1,QReg,8,0.21028457683027402,0.01925585224479185
TemporalCNN,8,P2B_039_log_primary_TemporalCNN_s8,0.005,qreg_l1,qreg_l1,True,False,qreg_l1,QReg,8,0.03579884085789242,0.019017419172409684
TemporalCNN,9,P2B_040_log_primary_TemporalCNN_s9,0.005,qreg_l1,qreg_l1,True,False,qreg_l1,QReg,8,0.15512474701700318,0.020106387485906017
