comparison,metric,held_out_log,equal_log_lolo,window_weighted_lolo,full_equal_log,full_window_weighted
"Fixed SG(5,2) - Raw",ade,4de1fda752ae4cf8b650a5245734eb4c,-0.001418111391854146,-0.0012743398509784752,-0.0013267021248153305,-0.0010925586692876823
"Fixed SG(5,2) - Raw",ade,69271ec7af1f446ca16820ac46d2047a,-0.0013752577692974371,-0.0011084883034801355,-0.0013267021248153305,-0.0010925586692876823
"Fixed SG(5,2) - Raw",ade,7a0fde44c3504eaeb18f9ad83bed65bc,-0.0013487846301163476,-0.0010734032924290544,-0.0013267021248153305,-0.0010925586692876823
"Fixed SG(5,2) - Raw",ade,d7fd2bb9696d43af901326664e42340b,-0.0012902471428188262,-0.0010723367409150402,-0.0013267021248153305,-0.0010925586692876823
"Fixed SG(5,2) - Raw",ade,eda311bda86f4e54857b0554639d6426,-0.0013063665975677208,-0.001068018769598851,-0.0013267021248153305,-0.0010925586692876823
"Fixed SG(5,2) - Raw",ade,f61e86a4241b484484da143725dce8fc,-0.0013253675021883688,-0.0010666897896382977,-0.0013267021248153305,-0.0010925586692876823
"Fixed SG(5,2) - Raw",ade,f93e8d66ce4b4fbea7062d19b1fe29fb,-0.0012227798398644668,-0.0010441464476521804,-0.0013267021248153305,-0.0010925586692876823
"Fixed SG(5,2) - Raw",fde,4de1fda752ae4cf8b650a5245734eb4c,-0.0012144828102495662,-0.0009679316491258625,-0.0013289188489590336,-0.0013518001249313244
"Fixed SG(5,2) - Raw",fde,69271ec7af1f446ca16820ac46d2047a,-0.0013741157124120935,-0.0014337073407217566,-0.0013289188489590336,-0.0013518001249313244
"Fixed SG(5,2) - Raw",fde,7a0fde44c3504eaeb18f9ad83bed65bc,-0.0014260957786058363,-0.0014659884546209716,-0.0013289188489590336,-0.0013518001249313244
"Fixed SG(5,2) - Raw",fde,d7fd2bb9696d43af901326664e42340b,-0.0011489887348629325,-0.0013046158517347325,-0.0013289188489590336,-0.0013518001249313244
"Fixed SG(5,2) - Raw",fde,eda311bda86f4e54857b0554639d6426,-0.0014327388706378164,-0.0013962971267479833,-0.0013289188489590336,-0.0013518001249313244
"Fixed SG(5,2) - Raw",fde,f61e86a4241b484484da143725dce8fc,-0.001590893925563109,-0.001522164446170198,-0.0013289188489590336,-0.0013518001249313244
"Fixed SG(5,2) - Raw",fde,f93e8d66ce4b4fbea7062d19b1fe29fb,-0.0011151161103818818,-0.0012806821536636454,-0.0013289188489590336,-0.0013518001249313244
"Fixed SG(5,2) - Raw",history_aware_mean_jerk,4de1fda752ae4cf8b650a5245734eb4c,-0.9756945053213557,-0.8828389537652229,-0.9422493015257961,-0.8310773852927689
"Fixed SG(5,2) - Raw",history_aware_mean_jerk,69271ec7af1f446ca16820ac46d2047a,-0.9823339790198743,-0.8671022623303498,-0.9422493015257961,-0.8310773852927689
"Fixed SG(5,2) - Raw",history_aware_mean_jerk,7a0fde44c3504eaeb18f9ad83bed65bc,-0.9497684789382578,-0.8186291461248875,-0.9422493015257961,-0.8310773852927689
"Fixed SG(5,2) - Raw",history_aware_mean_jerk,d7fd2bb9696d43af901326664e42340b,-0.9248837600508778,-0.8214607916772719,-0.9422493015257961,-0.8310773852927689
"Fixed SG(5,2) - Raw",history_aware_mean_jerk,eda311bda86f4e54857b0554639d6426,-0.9533779841796672,-0.8280181493318504,-0.9422493015257961,-0.8310773852927689
"Fixed SG(5,2) - Raw",history_aware_mean_jerk,f61e86a4241b484484da143725dce8fc,-0.9508507938952215,-0.8247143065577008,-0.9422493015257961,-0.8310773852927689
"Fixed SG(5,2) - Raw",history_aware_mean_jerk,f93e8d66ce4b4fbea7062d19b1fe29fb,-0.8588356092753185,-0.7965521191569117,-0.9422493015257961,-0.8310773852927689
"Validation-B-selected - Fixed SG(5,2)",ade,4de1fda752ae4cf8b650a5245734eb4c,-0.0017984664419191596,-0.0015488061150547327,-0.0017039327907130066,-0.0013978112956241572
"Validation-B-selected - Fixed SG(5,2)",ade,69271ec7af1f446ca16820ac46d2047a,-0.0017570098353025135,-0.0014012486548957567,-0.0017039327907130066,-0.0013978112956241572
"Validation-B-selected - Fixed SG(5,2)",ade,7a0fde44c3504eaeb18f9ad83bed65bc,-0.0017406100581693123,-0.001381593913583409,-0.0017039327907130066,-0.0013978112956241572
"Validation-B-selected - Fixed SG(5,2)",ade,d7fd2bb9696d43af901326664e42340b,-0.0012496540559071843,-0.0012624341101410645,-0.0017039327907130066,-0.0013978112956241572
"Validation-B-selected - Fixed SG(5,2)",ade,eda311bda86f4e54857b0554639d6426,-0.0017712444577145982,-0.001404546362239548,-0.0017039327907130066,-0.0013978112956241572
"Validation-B-selected - Fixed SG(5,2)",ade,f61e86a4241b484484da143725dce8fc,-0.0017793908436239808,-0.0014134753590600818,-0.0017039327907130066,-0.0013978112956241572
"Validation-B-selected - Fixed SG(5,2)",ade,f93e8d66ce4b4fbea7062d19b1fe29fb,-0.001831153842354296,-0.0014236185593851287,-0.0017039327907130066,-0.0013978112956241572
"Validation-B-selected - Fixed SG(5,2)",fde,4de1fda752ae4cf8b650a5245734eb4c,0.0007360038543534385,0.0006093343240245924,0.0008417738424368787,0.0009270469031588358
"Validation-B-selected - Fixed SG(5,2)",fde,69271ec7af1f446ca16820ac46d2047a,0.0008593070483449567,0.0009801004470899551,0.0008417738424368787,0.0009270469031588358
"Validation-B-selected - Fixed SG(5,2)",fde,7a0fde44c3504eaeb18f9ad83bed65bc,0.0008956461300756114,0.0010040289276631383,0.0008417738424368787,0.0009270469031588358
"Validation-B-selected - Fixed SG(5,2)",fde,d7fd2bb9696d43af901326664e42340b,0.0007015423292061648,0.0008932844305934314,0.0008417738424368787,0.0009270469031588358
"Validation-B-selected - Fixed SG(5,2)",fde,eda311bda86f4e54857b0554639d6426,0.0009333214608623267,0.0009707692650705377,0.0008417738424368787,0.0009270469031588358
"Validation-B-selected - Fixed SG(5,2)",fde,f61e86a4241b484484da143725dce8fc,0.0010236821358205897,0.0010527555601167842,0.0008417738424368787,0.0009270469031588358
"Validation-B-selected - Fixed SG(5,2)",fde,f93e8d66ce4b4fbea7062d19b1fe29fb,0.0007429139383950623,0.000898378881910844,0.0008417738424368787,0.0009270469031588358
"Validation-B-selected - Fixed SG(5,2)",history_aware_mean_jerk,4de1fda752ae4cf8b650a5245734eb4c,-0.03275065341129429,-0.035711658495879144,-0.034165346029322315,-0.038255325978069035
"Validation-B-selected - Fixed SG(5,2)",history_aware_mean_jerk,69271ec7af1f446ca16820ac46d2047a,-0.031696334390126125,-0.03526827229440927,-0.034165346029322315,-0.038255325978069035
"Validation-B-selected - Fixed SG(5,2)",history_aware_mean_jerk,7a0fde44c3504eaeb18f9ad83bed65bc,-0.03580064048173946,-0.04087507340334345,-0.034165346029322315,-0.038255325978069035
"Validation-B-selected - Fixed SG(5,2)",history_aware_mean_jerk,d7fd2bb9696d43af901326664e42340b,-0.036556020412026206,-0.03907845138475838,-0.034165346029322315,-0.038255325978069035
"Validation-B-selected - Fixed SG(5,2)",history_aware_mean_jerk,eda311bda86f4e54857b0554639d6426,-0.0322781208934294,-0.03775693233324361,-0.034165346029322315,-0.038255325978069035
"Validation-B-selected - Fixed SG(5,2)",history_aware_mean_jerk,f61e86a4241b484484da143725dce8fc,-0.035129277597899584,-0.03931011400586716,-0.034165346029322315,-0.038255325978069035
"Validation-B-selected - Fixed SG(5,2)",history_aware_mean_jerk,f93e8d66ce4b4fbea7062d19b1fe29fb,-0.03494637501874114,-0.038750702471956604,-0.034165346029322315,-0.038255325978069035
Validation-B-selected - Raw,ade,4de1fda752ae4cf8b650a5245734eb4c,-0.0032165778337733056,-0.002823145966033208,-0.003030634915528337,-0.0024903699649118398
Validation-B-selected - Raw,ade,69271ec7af1f446ca16820ac46d2047a,-0.003132267604599951,-0.002509736958375892,-0.003030634915528337,-0.0024903699649118398
Validation-B-selected - Raw,ade,7a0fde44c3504eaeb18f9ad83bed65bc,-0.00308939468828566,-0.0024549972060124636,-0.003030634915528337,-0.0024903699649118398
Validation-B-selected - Raw,ade,d7fd2bb9696d43af901326664e42340b,-0.0025399011987260107,-0.0023347708510561044,-0.003030634915528337,-0.0024903699649118398
Validation-B-selected - Raw,ade,eda311bda86f4e54857b0554639d6426,-0.003077611055282319,-0.0024725651318383995,-0.003030634915528337,-0.0024903699649118398
Validation-B-selected - Raw,ade,f61e86a4241b484484da143725dce8fc,-0.003104758345812349,-0.0024801651486983795,-0.003030634915528337,-0.0024903699649118398
Validation-B-selected - Raw,ade,f93e8d66ce4b4fbea7062d19b1fe29fb,-0.0030539336822187624,-0.002467765007037309,-0.003030634915528337,-0.0024903699649118398
Validation-B-selected - Raw,fde,4de1fda752ae4cf8b650a5245734eb4c,-0.0004784789558961275,-0.00035859732510127006,-0.0004871450065221552,-0.0004247532217724884
Validation-B-selected - Raw,fde,69271ec7af1f446ca16820ac46d2047a,-0.0005148086640671367,-0.0004536068936318015,-0.0004871450065221552,-0.0004247532217724884
Validation-B-selected - Raw,fde,7a0fde44c3504eaeb18f9ad83bed65bc,-0.000530449648530225,-0.000461959526957833,-0.0004871450065221552,-0.0004247532217724884
Validation-B-selected - Raw,fde,d7fd2bb9696d43af901326664e42340b,-0.0004474464056567675,-0.0004113314211413011,-0.0004871450065221552,-0.0004247532217724884
Validation-B-selected - Raw,fde,eda311bda86f4e54857b0554639d6426,-0.00049941740977549,-0.0004255278616774457,-0.0004871450065221552,-0.0004247532217724884
Validation-B-selected - Raw,fde,f61e86a4241b484484da143725dce8fc,-0.0005672117897425193,-0.0004694088860534136,-0.0004871450065221552,-0.0004247532217724884
Validation-B-selected - Raw,fde,f93e8d66ce4b4fbea7062d19b1fe29fb,-0.0003722021719868196,-0.00038230327175280143,-0.0004871450065221552,-0.0004247532217724884
Validation-B-selected - Raw,history_aware_mean_jerk,4de1fda752ae4cf8b650a5245734eb4c,-1.0084451587326497,-0.9185506122611021,-0.9764146475551183,-0.8693327112708378
Validation-B-selected - Raw,history_aware_mean_jerk,69271ec7af1f446ca16820ac46d2047a,-1.0140303134100004,-0.902370534624759,-0.9764146475551183,-0.8693327112708378
Validation-B-selected - Raw,history_aware_mean_jerk,7a0fde44c3504eaeb18f9ad83bed65bc,-0.985569119419997,-0.8595042195282309,-0.9764146475551183,-0.8693327112708378
Validation-B-selected - Raw,history_aware_mean_jerk,d7fd2bb9696d43af901326664e42340b,-0.9614397804629039,-0.8605392430620304,-0.9764146475551183,-0.8693327112708378
Validation-B-selected - Raw,history_aware_mean_jerk,eda311bda86f4e54857b0554639d6426,-0.9856561050730965,-0.865775081665094,-0.9764146475551183,-0.8693327112708378
Validation-B-selected - Raw,history_aware_mean_jerk,f61e86a4241b484484da143725dce8fc,-0.985980071493121,-0.8640244205635681,-0.9764146475551183,-0.8693327112708378
Validation-B-selected - Raw,history_aware_mean_jerk,f93e8d66ce4b4fbea7062d19b1fe29fb,-0.8937819842940596,-0.8353028216288684,-0.9764146475551183,-0.8693327112708378
