split,log_token
Train,01ebe4444f624b4699ec6bf58837b153
Train,08ba46dd716d42a69d108638fef5bbb9
Train,0d68b81100a640129a185cca5aa1edd7
Train,1c9b302455ff44a9a290c372b31aa3ce
Train,20db5722b62c4c17bbff2d7b265a3c51
Train,246e7da6bb344941bac92be421a545e2
Train,2f3c08142bc04ac3af6a8cf6c721b816
Train,3313a6a85b264e4c86ee44d6e6329cf3
Train,343d984344e440c7952d1e403b572b2a
Train,34d0574ea8f340179c82162c6ac069bc
Train,3a43824b84534c98bda1d07548db5817
Train,47620afea3c443f6a761e885273cb531
Train,485a0831e0964529b0b45d476139c68b
Train,5bd40b613ac740cd9dbacdfbc3d68201
Train,6175c3299ae0482791f4ab1e9d54b326
Train,6434493562e64d9aa36774bf8d98870e
Train,6577357788b24c35a3b0419c138f50db
Train,6b6513e6c8384cec88775cae30b78c0e
Train,6c12081a828548b6b0a36f12d53be6ca
Train,6f5b61bfb298454eb6fe7ba279792815
Train,6f7fe59adf984e55a82571ab4f17e4e2
Train,700b800c787842ba83493d9b2775234a
Train,75f5ca2350b346d19a39aa7439f61755
Train,783683d957054175bda1b326453a13f4
Train,7e25a2c8ea1f41c5b0da1e69ecfa71a2
Train,84ff0dbb8d7343ab95e776c4955d5884
Train,881dd2f8aaec49b681eb54be5bf3b3e2
Train,89a56a5dc3aa4e56a2e57b52de738da5
Train,8aa38e0d963f48ba84708bc8eb1a07c2
Train,8c66d9d518c54aed98dce7e3095501bc
Train,8e0ced20b9d847608afcfbc23056460e
Train,8fefc430cbfa4c2191978c0df302eb98
Train,8ff48ad1df8e4966a2151730c92b7f3c
Train,92af2609d31445e5a71b2d895376fed6
Train,a5bb7f9dd1884f1ea0de299caefe7ef4
Train,ab1e1b004548466f86b31f879a2d9e50
Train,b05f285d53744542a3413476d6dd9270
Train,b2685a235700404581dc7354dd5b4eda
Train,b5622d4dcb0d4549b813b3ffb96fbdc9
Train,bc41a49366734ebf978d6a71981537dc
Train,bd38be48fba140f1941bf7c84a33255d
Train,c9b039c47ec54cc7b5c0fcc7a5730e38
Train,ca6d14b008ed4e0bb6b1eaaedadbd6c1
Train,cb3e914a6f0b4deea0efc8521ca1e671
Train,d0450edaed4a46f898403f45fa9e5f0d
Train,d31dc715d1c34b99bd5afb0e3aea26ed
Train,ee155e99938a4c2698fed50fc5b5d16a
Train,f38ef5a1e9c941aabb2155768670b92a
Train,f8699afb7a2247e38549e4d250b4581b
Validation-A,0986cb758b1d43fdaa051ab23d45582b
Validation-A,0f1b01dd18d8438794fb3445517633df
Validation-A,65629cfc47fe489fabc497ead466a313
Validation-A,da04ae0b72024818a6219d8dd138ea4b
Validation-A,e55205b1f2894b49957905d7ddfdb96d
Validation-A,efa31cf3cd2f452789ca7f3e7541ea69
Validation-B,169c1773af08486c80ed3e9540528290
Validation-B,18f99982fba24684a9ea03c0cdc53fc8
Validation-B,53cf9c55dd8644bea67b9f009fc1ee38
Validation-B,853a9f9fe7e84bb8b24bff8ebf23f287
Validation-B,ddc03471df3e4c9bb9663629a4097743
Validation-B,e60234ec7c324789ac7c8441a5e49731
Test,4de1fda752ae4cf8b650a5245734eb4c
Test,69271ec7af1f446ca16820ac46d2047a
Test,7a0fde44c3504eaeb18f9ad83bed65bc
Test,d7fd2bb9696d43af901326664e42340b
Test,eda311bda86f4e54857b0554639d6426
Test,f61e86a4241b484484da143725dce8fc
Test,f93e8d66ce4b4fbea7062d19b1fe29fb
