comparison,metric,equal_log_macro,window_weighted,macro_minus_pooled,logs
"Fixed SG(5,2) - Raw",ade,-0.0013267021248153305,-0.0010925586692876823,-0.00023414345552764818,7
"Fixed SG(5,2) - Raw",fde,-0.0013289188489590336,-0.0013518001249313244,2.2881275972290796e-05,7
"Fixed SG(5,2) - Raw",history_aware_mean_jerk,-0.9422493015257961,-0.8310773852927689,-0.11117191623302725,7
"Validation-B-selected - Fixed SG(5,2)",ade,-0.0017039327907130066,-0.0013978112956241572,-0.0003061214950888494,7
"Validation-B-selected - Fixed SG(5,2)",fde,0.0008417738424368787,0.0009270469031588358,-8.527306072195705e-05,7
"Validation-B-selected - Fixed SG(5,2)",history_aware_mean_jerk,-0.034165346029322315,-0.038255325978069035,0.004089979948746721,7
Validation-B-selected - Raw,ade,-0.003030634915528337,-0.0024903699649118398,-0.0005402649506164973,7
Validation-B-selected - Raw,fde,-0.0004871450065221552,-0.0004247532217724884,-6.23917847496668e-05,7
Validation-B-selected - Raw,history_aware_mean_jerk,-0.9764146475551183,-0.8693327112708378,-0.10708193628428053,7
