run_id,metric,strategy,valid_windows,total_windows,mean,median,p95
P2B_001_log_primary_MLP_s0,max_abs_curvature,Raw,2273,2901,0.06920961551967446,0.003711641506803661,0.16769541542506222
P2B_001_log_primary_MLP_s0,max_abs_curvature,Fixed SG,2273,2901,0.045214166992984535,0.003099105245173077,0.11444761488237888
P2B_001_log_primary_MLP_s0,max_abs_curvature,Selected,2273,2901,0.032852993943863665,0.00316984260658892,0.12026549895255904
P2B_001_log_primary_MLP_s0,max_lateral_acceleration_proxy,Raw,2273,2901,0.2971309829663451,0.12942851272564168,1.227080503553065
P2B_001_log_primary_MLP_s0,max_lateral_acceleration_proxy,Fixed SG,2273,2901,0.2502916275539835,0.08908163523045357,1.1838542425276857
P2B_001_log_primary_MLP_s0,max_lateral_acceleration_proxy,Selected,2273,2901,0.2736247846968166,0.09406881809358673,1.315978690793704
P2B_001_log_primary_MLP_s0,boundary_heading_discontinuity,Raw,2277,2901,2.2889528579576326,0.4072808320426232,7.173196918030779
P2B_001_log_primary_MLP_s0,boundary_heading_discontinuity,Fixed SG,2277,2901,2.233140568877674,0.38270381593583874,6.90649093112163
P2B_001_log_primary_MLP_s0,boundary_heading_discontinuity,Selected,2277,2901,2.2889528579576326,0.4072808320426232,7.173196918030779
P2B_002_log_primary_MLP_s1,max_abs_curvature,Raw,2760,2901,1.0007709257346153,0.008217035825649335,5.211697234863375
P2B_002_log_primary_MLP_s1,max_abs_curvature,Fixed SG,2760,2901,0.3407267996260786,0.006392495255553162,1.6931232080178704
P2B_002_log_primary_MLP_s1,max_abs_curvature,Selected,2760,2901,0.3407267996260786,0.006392495255553162,1.6931232080178704
P2B_002_log_primary_MLP_s1,max_lateral_acceleration_proxy,Raw,2760,2901,0.31240952150217705,0.14629272943763205,1.2992107725369135
P2B_002_log_primary_MLP_s1,max_lateral_acceleration_proxy,Fixed SG,2760,2901,0.24175870859734,0.11041770519085128,1.1191525670773341
P2B_002_log_primary_MLP_s1,max_lateral_acceleration_proxy,Selected,2760,2901,0.24175870859734,0.11041770519085128,1.1191525670773341
P2B_002_log_primary_MLP_s1,boundary_heading_discontinuity,Raw,2279,2901,1.9245578913804402,0.4206382998712993,7.385569162979283
P2B_002_log_primary_MLP_s1,boundary_heading_discontinuity,Fixed SG,2279,2901,1.9241124381923222,0.43736429959336315,7.2702226537923815
P2B_002_log_primary_MLP_s1,boundary_heading_discontinuity,Selected,2279,2901,1.9241124381923222,0.43736429959336315,7.2702226537923815
P2B_003_log_primary_MLP_s2,max_abs_curvature,Raw,2239,2901,0.06007692116295674,0.005213131145309894,0.1543832321659011
P2B_003_log_primary_MLP_s2,max_abs_curvature,Fixed SG,2239,2901,0.040466782005829746,0.0032628087095682413,0.10846071750664116
P2B_003_log_primary_MLP_s2,max_abs_curvature,Selected,2239,2901,0.037332837722754704,0.00322899450864644,0.1123677848829802
P2B_003_log_primary_MLP_s2,max_lateral_acceleration_proxy,Raw,2239,2901,0.35140957362638914,0.18640829283783672,1.350682177044781
P2B_003_log_primary_MLP_s2,max_lateral_acceleration_proxy,Fixed SG,2239,2901,0.2766473827810018,0.10445768018446412,1.293767343300691
P2B_003_log_primary_MLP_s2,max_lateral_acceleration_proxy,Selected,2239,2901,0.3029562102411182,0.09460835758109101,1.4680215749025927
P2B_003_log_primary_MLP_s2,boundary_heading_discontinuity,Raw,2270,2901,2.0663463736715184,0.4026981146774198,7.460945331037213
P2B_003_log_primary_MLP_s2,boundary_heading_discontinuity,Fixed SG,2270,2901,2.0339210127618177,0.3920071949519209,7.254068309981467
P2B_003_log_primary_MLP_s2,boundary_heading_discontinuity,Selected,2270,2901,2.0663463736715184,0.4026981146774198,7.460945331037213
P2B_004_log_primary_MLP_s3,max_abs_curvature,Raw,2538,2901,0.5064573508075786,0.0048299127699187195,4.212058016030955
P2B_004_log_primary_MLP_s3,max_abs_curvature,Fixed SG,2538,2901,0.37356697727823307,0.004174982433327513,3.1276113521630116
P2B_004_log_primary_MLP_s3,max_abs_curvature,Selected,2538,2901,0.15717205004525608,0.004329849471038042,1.1189633834440567
P2B_004_log_primary_MLP_s3,max_lateral_acceleration_proxy,Raw,2538,2901,0.2926903732990829,0.11250051240711448,1.2458132652361593
P2B_004_log_primary_MLP_s3,max_lateral_acceleration_proxy,Fixed SG,2538,2901,0.24729309966537288,0.10209570354675657,1.1313504887619377
P2B_004_log_primary_MLP_s3,max_lateral_acceleration_proxy,Selected,2538,2901,0.26241978228468055,0.09250900845885653,1.2996270028137382
P2B_004_log_primary_MLP_s3,boundary_heading_discontinuity,Raw,2286,2901,1.7778237519600928,0.3909938783682563,7.026161385144915
P2B_004_log_primary_MLP_s3,boundary_heading_discontinuity,Fixed SG,2286,2901,1.7510117551972821,0.3808360007415792,6.854777491075938
P2B_004_log_primary_MLP_s3,boundary_heading_discontinuity,Selected,2286,2901,1.7778237519600928,0.3909938783682563,7.026161385144915
P2B_005_log_primary_MLP_s4,max_abs_curvature,Raw,2240,2901,0.09257845763573642,0.00471941500108412,0.1559653566645987
P2B_005_log_primary_MLP_s4,max_abs_curvature,Fixed SG,2240,2901,0.04107747876475217,0.003811970789978406,0.11416160750095464
P2B_005_log_primary_MLP_s4,max_abs_curvature,Selected,2240,2901,0.04844545328329615,0.0038562038470092226,0.13193804284049673
P2B_005_log_primary_MLP_s4,max_lateral_acceleration_proxy,Raw,2240,2901,0.354001795818425,0.17074263765619793,1.4425103464200322
P2B_005_log_primary_MLP_s4,max_lateral_acceleration_proxy,Fixed SG,2240,2901,0.28295546247786507,0.12040704736778006,1.228328184456234
P2B_005_log_primary_MLP_s4,max_lateral_acceleration_proxy,Selected,2240,2901,0.31791930849707156,0.1245018313301961,1.4304696705252622
P2B_005_log_primary_MLP_s4,boundary_heading_discontinuity,Raw,2268,2901,1.5643029322896174,0.41084693880612255,7.022465603107531
P2B_005_log_primary_MLP_s4,boundary_heading_discontinuity,Fixed SG,2268,2901,1.5350784470329994,0.390809473442885,6.894564570791992
P2B_005_log_primary_MLP_s4,boundary_heading_discontinuity,Selected,2268,2901,1.5643029322896174,0.41084693880612255,7.022465603107531
P2B_006_log_primary_MLP_s5,max_abs_curvature,Raw,2237,2901,0.050616829243988776,0.004369827763499372,0.15839596768039588
P2B_006_log_primary_MLP_s5,max_abs_curvature,Fixed SG,2237,2901,0.03265405441209012,0.0036699045982099944,0.11186675744282036
P2B_006_log_primary_MLP_s5,max_abs_curvature,Selected,2237,2901,0.04332608128621937,0.0039476421374922775,0.13335787150041722
P2B_006_log_primary_MLP_s5,max_lateral_acceleration_proxy,Raw,2237,2901,0.3308495391678775,0.16049760413838818,1.2840959433379149
P2B_006_log_primary_MLP_s5,max_lateral_acceleration_proxy,Fixed SG,2237,2901,0.28144119122775463,0.12478851002438238,1.1653606080946501
P2B_006_log_primary_MLP_s5,max_lateral_acceleration_proxy,Selected,2237,2901,0.30288589394769905,0.14304646855632142,1.1956975177773934
P2B_006_log_primary_MLP_s5,boundary_heading_discontinuity,Raw,2286,2901,1.960920017826998,0.4606866457092237,7.1250280237588965
P2B_006_log_primary_MLP_s5,boundary_heading_discontinuity,Fixed SG,2286,2901,1.9348767003514369,0.4467172729183344,6.925704321859492
P2B_006_log_primary_MLP_s5,boundary_heading_discontinuity,Selected,2286,2901,1.960920017826998,0.4606866457092237,7.1250280237588965
P2B_007_log_primary_MLP_s6,max_abs_curvature,Raw,2241,2901,0.1323878247469502,0.004707150846616822,0.16568894979442403
P2B_007_log_primary_MLP_s6,max_abs_curvature,Fixed SG,2241,2901,0.1555507113260347,0.003501254478927667,0.12207296470598285
P2B_007_log_primary_MLP_s6,max_abs_curvature,Selected,2241,2901,0.1787793931464123,0.0033655209033428093,0.12147500350512323
P2B_007_log_primary_MLP_s6,max_lateral_acceleration_proxy,Raw,2241,2901,0.36042564811993266,0.15824499613496795,1.453428119083348
P2B_007_log_primary_MLP_s6,max_lateral_acceleration_proxy,Fixed SG,2241,2901,0.27946583643974376,0.1030521440332351,1.2814479316445917
P2B_007_log_primary_MLP_s6,max_lateral_acceleration_proxy,Selected,2241,2901,0.30613898353673213,0.1030778829547609,1.4705720722037985
P2B_007_log_primary_MLP_s6,boundary_heading_discontinuity,Raw,2285,2901,1.6960096794318709,0.43142263247949514,7.01696832919908
P2B_007_log_primary_MLP_s6,boundary_heading_discontinuity,Fixed SG,2285,2901,1.6898736867182067,0.44889237072110705,6.880276111706498
P2B_007_log_primary_MLP_s6,boundary_heading_discontinuity,Selected,2285,2901,1.6960096794318709,0.43142263247949514,7.01696832919908
P2B_008_log_primary_MLP_s7,max_abs_curvature,Raw,2227,2901,0.0775578578314392,0.0044231692812718385,0.18019982594292142
P2B_008_log_primary_MLP_s7,max_abs_curvature,Fixed SG,2227,2901,0.04904060328965085,0.0033543499096625163,0.11903715783966125
P2B_008_log_primary_MLP_s7,max_abs_curvature,Selected,2227,2901,0.042369819331251474,0.0031526814849684413,0.11673316408211679
P2B_008_log_primary_MLP_s7,max_lateral_acceleration_proxy,Raw,2227,2901,0.35673334345740926,0.15554202581790005,1.4782699004410809
P2B_008_log_primary_MLP_s7,max_lateral_acceleration_proxy,Fixed SG,2227,2901,0.26299561143050576,0.10433004033553517,1.1706797392202895
P2B_008_log_primary_MLP_s7,max_lateral_acceleration_proxy,Selected,2227,2901,0.28093343410206806,0.10318182325248987,1.296409686509537
P2B_008_log_primary_MLP_s7,boundary_heading_discontinuity,Raw,2266,2901,1.8369134071604958,0.4934482457295778,7.4683895426594855
P2B_008_log_primary_MLP_s7,boundary_heading_discontinuity,Fixed SG,2266,2901,1.7786299931163352,0.47497405566296735,7.119709346703606
P2B_008_log_primary_MLP_s7,boundary_heading_discontinuity,Selected,2266,2901,1.8369134071604958,0.4934482457295778,7.4683895426594855
P2B_009_log_primary_MLP_s8,max_abs_curvature,Raw,2266,2901,0.05459334986081836,0.00436810165440925,0.19807203277318536
P2B_009_log_primary_MLP_s8,max_abs_curvature,Fixed SG,2266,2901,0.03128138430921362,0.0032394422240343565,0.11495915507647529
P2B_009_log_primary_MLP_s8,max_abs_curvature,Selected,2266,2901,0.03369445357209329,0.0031121803002165513,0.12283055800136594
P2B_009_log_primary_MLP_s8,max_lateral_acceleration_proxy,Raw,2266,2901,0.3497708327428878,0.1567845115833661,1.4192613016775728
P2B_009_log_primary_MLP_s8,max_lateral_acceleration_proxy,Fixed SG,2266,2901,0.24896213436910947,0.09414807159554588,1.1358931779487993
P2B_009_log_primary_MLP_s8,max_lateral_acceleration_proxy,Selected,2266,2901,0.2724621226049849,0.09530113848493715,1.287197190958051
P2B_009_log_primary_MLP_s8,boundary_heading_discontinuity,Raw,2271,2901,1.9164247116545428,0.4227402299861292,7.14440868389225
P2B_009_log_primary_MLP_s8,boundary_heading_discontinuity,Fixed SG,2271,2901,1.9128289778306589,0.43482026384673894,7.146227922012339
P2B_009_log_primary_MLP_s8,boundary_heading_discontinuity,Selected,2271,2901,1.9164247116545428,0.4227402299861292,7.14440868389225
P2B_010_log_primary_MLP_s9,max_abs_curvature,Raw,2261,2901,0.07258127278467724,0.004513438008994944,0.18802377176929647
P2B_010_log_primary_MLP_s9,max_abs_curvature,Fixed SG,2261,2901,0.03819056666924337,0.0031447652784120914,0.10118473890783068
P2B_010_log_primary_MLP_s9,max_abs_curvature,Selected,2261,2901,0.04436954507506209,0.0032357316121738155,0.11787152884571442
P2B_010_log_primary_MLP_s9,max_lateral_acceleration_proxy,Raw,2261,2901,0.3523173531268108,0.1604442220309545,1.4869271063924854
P2B_010_log_primary_MLP_s9,max_lateral_acceleration_proxy,Fixed SG,2261,2901,0.2549321901803383,0.09838995688645966,1.1482443661607173
P2B_010_log_primary_MLP_s9,max_lateral_acceleration_proxy,Selected,2261,2901,0.2825279135304734,0.09272835483416382,1.34921118799255
P2B_010_log_primary_MLP_s9,boundary_heading_discontinuity,Raw,2270,2901,2.050055737754564,0.40734766532183997,7.753460839781843
P2B_010_log_primary_MLP_s9,boundary_heading_discontinuity,Fixed SG,2270,2901,2.045886674000886,0.40213915357950203,7.661906871958847
P2B_010_log_primary_MLP_s9,boundary_heading_discontinuity,Selected,2270,2901,2.050055737754564,0.40734766532183997,7.753460839781843
P2B_011_log_primary_GRU_s0,max_abs_curvature,Raw,2241,2901,0.03610030151810883,0.003855399231147876,0.10918586316408872
P2B_011_log_primary_GRU_s0,max_abs_curvature,Fixed SG,2241,2901,0.0328765700460375,0.003294331456546408,0.09406516999442775
P2B_011_log_primary_GRU_s0,max_abs_curvature,Selected,2241,2901,0.027836193960181266,0.0033165494509100357,0.10353173297553768
P2B_011_log_primary_GRU_s0,max_lateral_acceleration_proxy,Raw,2241,2901,0.28401358886766903,0.12198804076047065,1.19146227481158
P2B_011_log_primary_GRU_s0,max_lateral_acceleration_proxy,Fixed SG,2241,2901,0.2695747648016776,0.10522604159747831,1.2541852329896206
P2B_011_log_primary_GRU_s0,max_lateral_acceleration_proxy,Selected,2241,2901,0.2911688375583273,0.10826643365702981,1.3924343239489705
P2B_011_log_primary_GRU_s0,boundary_heading_discontinuity,Raw,2260,2901,2.9039503343593522,0.4283787424712758,7.528693751218477
P2B_011_log_primary_GRU_s0,boundary_heading_discontinuity,Fixed SG,2260,2901,2.82940713787683,0.4144575443314803,7.168343170560336
P2B_011_log_primary_GRU_s0,boundary_heading_discontinuity,Selected,2260,2901,2.9039503343593522,0.4283787424712758,7.528693751218477
P2B_012_log_primary_GRU_s1,max_abs_curvature,Raw,2244,2901,0.05628811326810446,0.004393203812379335,0.13994717656350147
P2B_012_log_primary_GRU_s1,max_abs_curvature,Fixed SG,2244,2901,0.02719529224669882,0.003375780309109332,0.09023605827137594
P2B_012_log_primary_GRU_s1,max_abs_curvature,Selected,2244,2901,0.02719529224669882,0.003375780309109332,0.09023605827137594
P2B_012_log_primary_GRU_s1,max_lateral_acceleration_proxy,Raw,2244,2901,0.2953616296479729,0.15160034497400793,1.1511366686993452
P2B_012_log_primary_GRU_s1,max_lateral_acceleration_proxy,Fixed SG,2244,2901,0.25385909470816737,0.09743580660251722,1.1349875161996088
P2B_012_log_primary_GRU_s1,max_lateral_acceleration_proxy,Selected,2244,2901,0.25385909470816737,0.09743580660251722,1.1349875161996088
P2B_012_log_primary_GRU_s1,boundary_heading_discontinuity,Raw,2271,2901,1.887666338214092,0.4058722250345271,7.041465424276731
P2B_012_log_primary_GRU_s1,boundary_heading_discontinuity,Fixed SG,2271,2901,1.8502311266293157,0.40502831540133977,6.83367571966242
P2B_012_log_primary_GRU_s1,boundary_heading_discontinuity,Selected,2271,2901,1.8502311266293157,0.40502831540133977,6.83367571966242
P2B_013_log_primary_GRU_s2,max_abs_curvature,Raw,2249,2901,0.05154946681501784,0.004085544643311882,0.12154144831563121
P2B_013_log_primary_GRU_s2,max_abs_curvature,Fixed SG,2249,2901,0.028415978658276456,0.0033138914532705593,0.09230839993221067
P2B_013_log_primary_GRU_s2,max_abs_curvature,Selected,2249,2901,0.032527264508702046,0.0036065109960814246,0.10997580639579597
P2B_013_log_primary_GRU_s2,max_lateral_acceleration_proxy,Raw,2249,2901,0.27961916263650416,0.1243324058410476,1.200744030074719
P2B_013_log_primary_GRU_s2,max_lateral_acceleration_proxy,Fixed SG,2249,2901,0.2521126100667417,0.10667897396721578,1.1190861208519527
P2B_013_log_primary_GRU_s2,max_lateral_acceleration_proxy,Selected,2249,2901,0.2880592104880496,0.11346349668629584,1.346238966583087
P2B_013_log_primary_GRU_s2,boundary_heading_discontinuity,Raw,2284,2901,2.0777750787563773,0.4143748466755557,7.0462810950298955
P2B_013_log_primary_GRU_s2,boundary_heading_discontinuity,Fixed SG,2284,2901,2.078871294798713,0.4075506201653101,7.0640919067277235
P2B_013_log_primary_GRU_s2,boundary_heading_discontinuity,Selected,2284,2901,2.0777750787563773,0.4143748466755557,7.0462810950298955
P2B_014_log_primary_GRU_s3,max_abs_curvature,Raw,2282,2901,0.03646255876537908,0.003749054853365712,0.11681605755945472
P2B_014_log_primary_GRU_s3,max_abs_curvature,Fixed SG,2282,2901,0.023130827333828482,0.003345528237853706,0.09014214531256452
P2B_014_log_primary_GRU_s3,max_abs_curvature,Selected,2282,2901,0.023130827333828482,0.003345528237853706,0.09014214531256452
P2B_014_log_primary_GRU_s3,max_lateral_acceleration_proxy,Raw,2282,2901,0.27516015536306565,0.11330681487015837,1.229169399210332
P2B_014_log_primary_GRU_s3,max_lateral_acceleration_proxy,Fixed SG,2282,2901,0.24877692940951507,0.08848238210179245,1.1782260758720777
P2B_014_log_primary_GRU_s3,max_lateral_acceleration_proxy,Selected,2282,2901,0.24877692940951507,0.08848238210179245,1.1782260758720777
P2B_014_log_primary_GRU_s3,boundary_heading_discontinuity,Raw,2276,2901,2.033132565771216,0.4310794644697288,6.86577463776145
P2B_014_log_primary_GRU_s3,boundary_heading_discontinuity,Fixed SG,2276,2901,2.006351525790525,0.4252615021829078,6.736951102869297
P2B_014_log_primary_GRU_s3,boundary_heading_discontinuity,Selected,2276,2901,2.006351525790525,0.4252615021829078,6.736951102869297
P2B_015_log_primary_GRU_s4,max_abs_curvature,Raw,2840,2901,0.1752611959139784,0.006515983033608398,0.7238036925163935
P2B_015_log_primary_GRU_s4,max_abs_curvature,Fixed SG,2840,2901,0.16672303330590624,0.005503518374145027,0.7259136229156259
P2B_015_log_primary_GRU_s4,max_abs_curvature,Selected,2840,2901,0.16672303330590624,0.005503518374145027,0.7259136229156259
P2B_015_log_primary_GRU_s4,max_lateral_acceleration_proxy,Raw,2840,2901,0.21253973767368667,0.09855947472623766,1.0005661083107247
P2B_015_log_primary_GRU_s4,max_lateral_acceleration_proxy,Fixed SG,2840,2901,0.1822637190253334,0.06293064297797571,0.9255487147976657
P2B_015_log_primary_GRU_s4,max_lateral_acceleration_proxy,Selected,2840,2901,0.1822637190253334,0.06293064297797571,0.9255487147976657
P2B_015_log_primary_GRU_s4,boundary_heading_discontinuity,Raw,2281,2901,2.055658637519868,0.38744673926437156,6.985490774987141
P2B_015_log_primary_GRU_s4,boundary_heading_discontinuity,Fixed SG,2281,2901,2.038777036565706,0.3911830490921196,6.832543682918038
P2B_015_log_primary_GRU_s4,boundary_heading_discontinuity,Selected,2281,2901,2.038777036565706,0.3911830490921196,6.832543682918038
P2B_016_log_primary_GRU_s5,max_abs_curvature,Raw,2219,2901,0.03140624832374695,0.003387459999606526,0.11826877084289084
P2B_016_log_primary_GRU_s5,max_abs_curvature,Fixed SG,2219,2901,0.027609282741398844,0.002983562719546996,0.09438704007099896
P2B_016_log_primary_GRU_s5,max_abs_curvature,Selected,2219,2901,0.034641064326925486,0.003152214374850447,0.09796912838247564
P2B_016_log_primary_GRU_s5,max_lateral_acceleration_proxy,Raw,2219,2901,0.2578358426995404,0.10833033762067841,1.0945315561977222
P2B_016_log_primary_GRU_s5,max_lateral_acceleration_proxy,Fixed SG,2219,2901,0.24638858588934903,0.08637124810356427,1.1324670791374998
P2B_016_log_primary_GRU_s5,max_lateral_acceleration_proxy,Selected,2219,2901,0.2808897875671141,0.0942354264928417,1.355381462285427
P2B_016_log_primary_GRU_s5,boundary_heading_discontinuity,Raw,2279,2901,1.7958622593120699,0.40267463022382477,6.99437443689512
P2B_016_log_primary_GRU_s5,boundary_heading_discontinuity,Fixed SG,2279,2901,1.7743257062605864,0.40772604594454587,6.745464892727967
P2B_016_log_primary_GRU_s5,boundary_heading_discontinuity,Selected,2279,2901,1.7958622593120699,0.40267463022382477,6.99437443689512
P2B_017_log_primary_GRU_s6,max_abs_curvature,Raw,2272,2901,0.03907542301615673,0.003998375079228822,0.11271115403885489
P2B_017_log_primary_GRU_s6,max_abs_curvature,Fixed SG,2272,2901,0.027251171407190213,0.0034383386109627934,0.0952899767620855
P2B_017_log_primary_GRU_s6,max_abs_curvature,Selected,2272,2901,0.02227623994911432,0.0033995329146469322,0.10430200234916547
P2B_017_log_primary_GRU_s6,max_lateral_acceleration_proxy,Raw,2272,2901,0.27923877067246816,0.12863584827458663,1.137099981111457
P2B_017_log_primary_GRU_s6,max_lateral_acceleration_proxy,Fixed SG,2272,2901,0.25939785794545656,0.11036302771948732,1.1383213360202877
P2B_017_log_primary_GRU_s6,max_lateral_acceleration_proxy,Selected,2272,2901,0.2791683404108973,0.10198635972438957,1.3518145667436081
P2B_017_log_primary_GRU_s6,boundary_heading_discontinuity,Raw,2275,2901,2.0820608686841227,0.4089381043022223,7.433193619099931
P2B_017_log_primary_GRU_s6,boundary_heading_discontinuity,Fixed SG,2275,2901,2.0422599996913022,0.4101707588550746,7.177378421412967
P2B_017_log_primary_GRU_s6,boundary_heading_discontinuity,Selected,2275,2901,2.0820608686841227,0.4089381043022223,7.433193619099931
P2B_018_log_primary_GRU_s7,max_abs_curvature,Raw,2238,2901,0.043344926314477,0.004029590817635189,0.12757053565161378
P2B_018_log_primary_GRU_s7,max_abs_curvature,Fixed SG,2238,2901,0.028188978514938737,0.003615458784743181,0.10960059324519777
P2B_018_log_primary_GRU_s7,max_abs_curvature,Selected,2238,2901,0.028188978514938737,0.003615458784743181,0.10960059324519777
P2B_018_log_primary_GRU_s7,max_lateral_acceleration_proxy,Raw,2238,2901,0.288895543742271,0.12542694619559422,1.2876096535681487
P2B_018_log_primary_GRU_s7,max_lateral_acceleration_proxy,Fixed SG,2238,2901,0.26187882653099404,0.106352426280927,1.2175892401592727
P2B_018_log_primary_GRU_s7,max_lateral_acceleration_proxy,Selected,2238,2901,0.26187882653099404,0.106352426280927,1.2175892401592727
P2B_018_log_primary_GRU_s7,boundary_heading_discontinuity,Raw,2278,2901,1.5523083042326429,0.41598016106870894,7.096596456985523
P2B_018_log_primary_GRU_s7,boundary_heading_discontinuity,Fixed SG,2278,2901,1.5109604370773402,0.40968527100345925,6.818759295608338
P2B_018_log_primary_GRU_s7,boundary_heading_discontinuity,Selected,2278,2901,1.5109604370773402,0.40968527100345925,6.818759295608338
P2B_019_log_primary_GRU_s8,max_abs_curvature,Raw,2260,2901,0.0518184146038865,0.004291271180504548,0.13894071666070187
P2B_019_log_primary_GRU_s8,max_abs_curvature,Fixed SG,2260,2901,0.039882383913729946,0.003820032194371552,0.11068285497709676
P2B_019_log_primary_GRU_s8,max_abs_curvature,Selected,2260,2901,0.039882383913729946,0.003820032194371552,0.11068285497709676
P2B_019_log_primary_GRU_s8,max_lateral_acceleration_proxy,Raw,2260,2901,0.28220744984857016,0.12965596089330939,1.225587002306508
P2B_019_log_primary_GRU_s8,max_lateral_acceleration_proxy,Fixed SG,2260,2901,0.25966659231058836,0.11458696110432395,1.1302152762119049
P2B_019_log_primary_GRU_s8,max_lateral_acceleration_proxy,Selected,2260,2901,0.25966659231058836,0.11458696110432395,1.1302152762119049
P2B_019_log_primary_GRU_s8,boundary_heading_discontinuity,Raw,2276,2901,2.018345643056178,0.4493822465560968,7.0831171240116255
P2B_019_log_primary_GRU_s8,boundary_heading_discontinuity,Fixed SG,2276,2901,1.989051953843569,0.43358011194499513,6.9642918103397635
P2B_019_log_primary_GRU_s8,boundary_heading_discontinuity,Selected,2276,2901,1.989051953843569,0.43358011194499513,6.9642918103397635
P2B_020_log_primary_GRU_s9,max_abs_curvature,Raw,2267,2901,0.06860036402557927,0.003495944502528254,0.14735616861614667
P2B_020_log_primary_GRU_s9,max_abs_curvature,Fixed SG,2267,2901,0.03770297133577484,0.0032146697289078424,0.10317994658531347
P2B_020_log_primary_GRU_s9,max_abs_curvature,Selected,2267,2901,0.026358494446689796,0.00326516398766685,0.10317938670969519
P2B_020_log_primary_GRU_s9,max_lateral_acceleration_proxy,Raw,2267,2901,0.27316789134427344,0.1076610776285237,1.2342232109423263
P2B_020_log_primary_GRU_s9,max_lateral_acceleration_proxy,Fixed SG,2267,2901,0.2508888386075475,0.09085741166896134,1.1941346324939108
P2B_020_log_primary_GRU_s9,max_lateral_acceleration_proxy,Selected,2267,2901,0.28153854214288726,0.0899705938662598,1.4103020171698821
P2B_020_log_primary_GRU_s9,boundary_heading_discontinuity,Raw,2279,2901,1.9061282416044474,0.4233148034137052,6.875156163513592
P2B_020_log_primary_GRU_s9,boundary_heading_discontinuity,Fixed SG,2279,2901,1.8784883442702973,0.41308019475265156,6.600412822757736
P2B_020_log_primary_GRU_s9,boundary_heading_discontinuity,Selected,2279,2901,1.9061282416044474,0.4233148034137052,6.875156163513592
P2B_021_log_primary_LSTM_s0,max_abs_curvature,Raw,2270,2901,0.06157834425262524,0.003801112276274406,0.10458604345740687
P2B_021_log_primary_LSTM_s0,max_abs_curvature,Fixed SG,2270,2901,0.08572903456232149,0.003213847143745896,0.08760581889561424
P2B_021_log_primary_LSTM_s0,max_abs_curvature,Selected,2270,2901,0.08572903456232149,0.003213847143745896,0.08760581889561424
P2B_021_log_primary_LSTM_s0,max_lateral_acceleration_proxy,Raw,2270,2901,0.2712229014528817,0.11801392993765894,1.2020147250815274
P2B_021_log_primary_LSTM_s0,max_lateral_acceleration_proxy,Fixed SG,2270,2901,0.2595430878806763,0.0925668634278739,1.281538437071462
P2B_021_log_primary_LSTM_s0,max_lateral_acceleration_proxy,Selected,2270,2901,0.2595430878806763,0.0925668634278739,1.281538437071462
P2B_021_log_primary_LSTM_s0,boundary_heading_discontinuity,Raw,2268,2901,2.3009120172212802,0.39859008583990735,6.9425851594398145
P2B_021_log_primary_LSTM_s0,boundary_heading_discontinuity,Fixed SG,2268,2901,2.2758671243180304,0.3974493286645555,6.809205931108437
P2B_021_log_primary_LSTM_s0,boundary_heading_discontinuity,Selected,2268,2901,2.2758671243180304,0.3974493286645555,6.809205931108437
P2B_022_log_primary_LSTM_s1,max_abs_curvature,Raw,2260,2901,0.03043887408401647,0.004553123339333019,0.11222532199491753
P2B_022_log_primary_LSTM_s1,max_abs_curvature,Fixed SG,2260,2901,0.01988905028197325,0.0033750490760268244,0.08804326939870946
P2B_022_log_primary_LSTM_s1,max_abs_curvature,Selected,2260,2901,0.02037792426977147,0.003114533283337345,0.0990072834885593
P2B_022_log_primary_LSTM_s1,max_lateral_acceleration_proxy,Raw,2260,2901,0.30125121855316295,0.15853452110561222,1.189081688381012
P2B_022_log_primary_LSTM_s1,max_lateral_acceleration_proxy,Fixed SG,2260,2901,0.26370322790651235,0.10557836524696265,1.2177684212025728
P2B_022_log_primary_LSTM_s1,max_lateral_acceleration_proxy,Selected,2260,2901,0.28621118724074746,0.09702296190296494,1.3870278570315657
P2B_022_log_primary_LSTM_s1,boundary_heading_discontinuity,Raw,2271,2901,2.23795563382056,0.37999705487225527,7.102427746019635
P2B_022_log_primary_LSTM_s1,boundary_heading_discontinuity,Fixed SG,2271,2901,2.220710455072668,0.38413159090240656,7.074193905241045
P2B_022_log_primary_LSTM_s1,boundary_heading_discontinuity,Selected,2271,2901,2.23795563382056,0.37999705487225527,7.102427746019635
P2B_023_log_primary_LSTM_s2,max_abs_curvature,Raw,2238,2901,0.09952814983395497,0.00362368013970602,0.12053651453017829
P2B_023_log_primary_LSTM_s2,max_abs_curvature,Fixed SG,2238,2901,0.08251178529097339,0.003265266974149428,0.09324442947700616
P2B_023_log_primary_LSTM_s2,max_abs_curvature,Selected,2238,2901,0.08251178529097339,0.003265266974149428,0.09324442947700616
P2B_023_log_primary_LSTM_s2,max_lateral_acceleration_proxy,Raw,2238,2901,0.282139359726899,0.11950956098049714,1.3178396534335228
P2B_023_log_primary_LSTM_s2,max_lateral_acceleration_proxy,Fixed SG,2238,2901,0.2654965846507763,0.10086113267852326,1.2241480244966767
P2B_023_log_primary_LSTM_s2,max_lateral_acceleration_proxy,Selected,2238,2901,0.2654965846507763,0.10086113267852326,1.2241480244966767
P2B_023_log_primary_LSTM_s2,boundary_heading_discontinuity,Raw,2255,2901,4.170087725521484,0.40856756949618894,7.740177320093934
P2B_023_log_primary_LSTM_s2,boundary_heading_discontinuity,Fixed SG,2255,2901,4.139102032337596,0.4090271687369926,7.54504916767443
P2B_023_log_primary_LSTM_s2,boundary_heading_discontinuity,Selected,2255,2901,4.139102032337596,0.4090271687369926,7.54504916767443
P2B_024_log_primary_LSTM_s3,max_abs_curvature,Raw,2262,2901,0.040933534225951265,0.004048531620070886,0.12257017269588867
P2B_024_log_primary_LSTM_s3,max_abs_curvature,Fixed SG,2262,2901,0.023641312009959062,0.0039571687931279605,0.0948604520870643
P2B_024_log_primary_LSTM_s3,max_abs_curvature,Selected,2262,2901,0.022480092344414154,0.0038653956407629364,0.1034912354612951
P2B_024_log_primary_LSTM_s3,max_lateral_acceleration_proxy,Raw,2262,2901,0.2834571035834186,0.1400337332239319,1.2033471575772539
P2B_024_log_primary_LSTM_s3,max_lateral_acceleration_proxy,Fixed SG,2262,2901,0.26966597151310745,0.13528037858236602,1.1269673523668753
P2B_024_log_primary_LSTM_s3,max_lateral_acceleration_proxy,Selected,2262,2901,0.29209595178077846,0.13575903238800746,1.2489532347865144
P2B_024_log_primary_LSTM_s3,boundary_heading_discontinuity,Raw,2273,2901,2.1335057995797944,0.3492659589712935,7.324139249716733
P2B_024_log_primary_LSTM_s3,boundary_heading_discontinuity,Fixed SG,2273,2901,2.1074869869858426,0.3421403473130851,7.173600849759154
P2B_024_log_primary_LSTM_s3,boundary_heading_discontinuity,Selected,2273,2901,2.1335057995797944,0.3492659589712935,7.324139249716733
P2B_025_log_primary_LSTM_s4,max_abs_curvature,Raw,2258,2901,0.03430059182142286,0.003321079704353914,0.11159657087304031
P2B_025_log_primary_LSTM_s4,max_abs_curvature,Fixed SG,2258,2901,0.023346050067366727,0.002760711303034455,0.08658217973801355
P2B_025_log_primary_LSTM_s4,max_abs_curvature,Selected,2258,2901,0.02454489534268452,0.0029601626119272716,0.09605727512644564
P2B_025_log_primary_LSTM_s4,max_lateral_acceleration_proxy,Raw,2258,2901,0.2502407565091995,0.10282057034276393,1.1082344094370324
P2B_025_log_primary_LSTM_s4,max_lateral_acceleration_proxy,Fixed SG,2258,2901,0.2246100591077248,0.08536120296330857,1.0626102754432618
P2B_025_log_primary_LSTM_s4,max_lateral_acceleration_proxy,Selected,2258,2901,0.23005914833429025,0.08839254128446006,1.0466058183945683
P2B_025_log_primary_LSTM_s4,boundary_heading_discontinuity,Raw,2275,2901,1.597571380733126,0.35143697836598886,6.627713812376228
P2B_025_log_primary_LSTM_s4,boundary_heading_discontinuity,Fixed SG,2275,2901,1.5813597326873028,0.35411076370152766,6.398984325766395
P2B_025_log_primary_LSTM_s4,boundary_heading_discontinuity,Selected,2275,2901,1.597571380733126,0.35143697836598886,6.627713812376228
P2B_026_log_primary_LSTM_s5,max_abs_curvature,Raw,2288,2901,0.062363748996193825,0.0042296987093320415,0.13753056698767027
P2B_026_log_primary_LSTM_s5,max_abs_curvature,Fixed SG,2288,2901,0.04454670930758423,0.0033922056125748577,0.11578332525425475
P2B_026_log_primary_LSTM_s5,max_abs_curvature,Selected,2288,2901,0.04454670930758423,0.0033922056125748577,0.11578332525425475
P2B_026_log_primary_LSTM_s5,max_lateral_acceleration_proxy,Raw,2288,2901,0.2659703476946933,0.12251587911340023,1.1297648435594667
P2B_026_log_primary_LSTM_s5,max_lateral_acceleration_proxy,Fixed SG,2288,2901,0.24968072660675777,0.09618256862686621,1.1996507988211575
P2B_026_log_primary_LSTM_s5,max_lateral_acceleration_proxy,Selected,2288,2901,0.24968072660675777,0.09618256862686621,1.1996507988211575
P2B_026_log_primary_LSTM_s5,boundary_heading_discontinuity,Raw,2279,2901,1.9589506550518303,0.3878658037040004,7.295270458923164
P2B_026_log_primary_LSTM_s5,boundary_heading_discontinuity,Fixed SG,2279,2901,1.9424574981516856,0.3937543389683558,7.096808286950184
P2B_026_log_primary_LSTM_s5,boundary_heading_discontinuity,Selected,2279,2901,1.9424574981516856,0.3937543389683558,7.096808286950184
P2B_027_log_primary_LSTM_s6,max_abs_curvature,Raw,2244,2901,0.0530035749158699,0.004006289155130294,0.14328429226365896
P2B_027_log_primary_LSTM_s6,max_abs_curvature,Fixed SG,2244,2901,0.062238361751661544,0.0034341005984034156,0.1076750305099799
P2B_027_log_primary_LSTM_s6,max_abs_curvature,Selected,2244,2901,0.062238361751661544,0.0034341005984034156,0.1076750305099799
P2B_027_log_primary_LSTM_s6,max_lateral_acceleration_proxy,Raw,2244,2901,0.298784183361438,0.13380049539326488,1.2179307337111684
P2B_027_log_primary_LSTM_s6,max_lateral_acceleration_proxy,Fixed SG,2244,2901,0.25928352391645354,0.10520229200176266,1.1152225795566453
P2B_027_log_primary_LSTM_s6,max_lateral_acceleration_proxy,Selected,2244,2901,0.25928352391645354,0.10520229200176266,1.1152225795566453
P2B_027_log_primary_LSTM_s6,boundary_heading_discontinuity,Raw,2256,2901,2.845163506494607,0.41261476983638434,7.632396186756468
P2B_027_log_primary_LSTM_s6,boundary_heading_discontinuity,Fixed SG,2256,2901,2.794550945585177,0.3927885491481887,7.391266139632975
P2B_027_log_primary_LSTM_s6,boundary_heading_discontinuity,Selected,2256,2901,2.794550945585177,0.3927885491481887,7.391266139632975
P2B_028_log_primary_LSTM_s7,max_abs_curvature,Raw,2251,2901,0.026581084459284542,0.0036416827686123567,0.10630851718464203
P2B_028_log_primary_LSTM_s7,max_abs_curvature,Fixed SG,2251,2901,0.02132424908472147,0.0031508826175294,0.09133352107094711
P2B_028_log_primary_LSTM_s7,max_abs_curvature,Selected,2251,2901,0.02132424908472147,0.0031508826175294,0.09133352107094711
P2B_028_log_primary_LSTM_s7,max_lateral_acceleration_proxy,Raw,2251,2901,0.2923041451185234,0.11965484768030898,1.3506052570427785
P2B_028_log_primary_LSTM_s7,max_lateral_acceleration_proxy,Fixed SG,2251,2901,0.26230800539393695,0.11266957863615108,1.1590202971359695
P2B_028_log_primary_LSTM_s7,max_lateral_acceleration_proxy,Selected,2251,2901,0.26230800539393695,0.11266957863615108,1.1590202971359695
P2B_028_log_primary_LSTM_s7,boundary_heading_discontinuity,Raw,2271,2901,2.641714725451907,0.4060530748272053,7.678956900067085
P2B_028_log_primary_LSTM_s7,boundary_heading_discontinuity,Fixed SG,2271,2901,2.6161564447251147,0.39609530132198706,7.424478636999817
P2B_028_log_primary_LSTM_s7,boundary_heading_discontinuity,Selected,2271,2901,2.6161564447251147,0.39609530132198706,7.424478636999817
P2B_029_log_primary_LSTM_s8,max_abs_curvature,Raw,2281,2901,0.05039349646537345,0.0038194800001079077,0.11934591400338022
P2B_029_log_primary_LSTM_s8,max_abs_curvature,Fixed SG,2281,2901,0.04697907563648584,0.003294434124626297,0.09224013681758518
P2B_029_log_primary_LSTM_s8,max_abs_curvature,Selected,2281,2901,0.04697907563648584,0.003294434124626297,0.09224013681758518
P2B_029_log_primary_LSTM_s8,max_lateral_acceleration_proxy,Raw,2281,2901,0.2695593592680935,0.11090708105742171,1.1565319140862713
P2B_029_log_primary_LSTM_s8,max_lateral_acceleration_proxy,Fixed SG,2281,2901,0.25243623081489186,0.08386727909405953,1.1717760123085892
P2B_029_log_primary_LSTM_s8,max_lateral_acceleration_proxy,Selected,2281,2901,0.25243623081489186,0.08386727909405953,1.1717760123085892
P2B_029_log_primary_LSTM_s8,boundary_heading_discontinuity,Raw,2272,2901,1.9593880336555156,0.4150927168838162,7.043779390490922
P2B_029_log_primary_LSTM_s8,boundary_heading_discontinuity,Fixed SG,2272,2901,1.927189938922848,0.39791155200080475,6.793959350473989
P2B_029_log_primary_LSTM_s8,boundary_heading_discontinuity,Selected,2272,2901,1.927189938922848,0.39791155200080475,6.793959350473989
P2B_030_log_primary_LSTM_s9,max_abs_curvature,Raw,2258,2901,0.0344619397667728,0.003816006100880563,0.11544522686483229
P2B_030_log_primary_LSTM_s9,max_abs_curvature,Fixed SG,2258,2901,0.022744609172336564,0.0032278968486329166,0.09249596375166085
P2B_030_log_primary_LSTM_s9,max_abs_curvature,Selected,2258,2901,0.022744609172336564,0.0032278968486329166,0.09249596375166085
P2B_030_log_primary_LSTM_s9,max_lateral_acceleration_proxy,Raw,2258,2901,0.27732773685341344,0.11393074731743304,1.2218767094993188
P2B_030_log_primary_LSTM_s9,max_lateral_acceleration_proxy,Fixed SG,2258,2901,0.25764672051685134,0.08917002196868962,1.2433218844212401
P2B_030_log_primary_LSTM_s9,max_lateral_acceleration_proxy,Selected,2258,2901,0.25764672051685134,0.08917002196868962,1.2433218844212401
P2B_030_log_primary_LSTM_s9,boundary_heading_discontinuity,Raw,2270,2901,2.3024062105232987,0.4069479544228568,7.416265975142835
P2B_030_log_primary_LSTM_s9,boundary_heading_discontinuity,Fixed SG,2270,2901,2.268360921382596,0.40175219188089145,7.22758339149349
P2B_030_log_primary_LSTM_s9,boundary_heading_discontinuity,Selected,2270,2901,2.268360921382596,0.40175219188089145,7.22758339149349
P2B_031_log_primary_TemporalCNN_s0,max_abs_curvature,Raw,2253,2901,0.11173823497927785,0.004839270951215031,0.20183973646035708
P2B_031_log_primary_TemporalCNN_s0,max_abs_curvature,Fixed SG,2253,2901,0.03059434455884067,0.0037770329606635713,0.1025359118355265
P2B_031_log_primary_TemporalCNN_s0,max_abs_curvature,Selected,2253,2901,0.03282800534406201,0.0038376007078697225,0.1290533961621556
P2B_031_log_primary_TemporalCNN_s0,max_lateral_acceleration_proxy,Raw,2253,2901,0.3506163066366135,0.17307898904646685,1.3323903296770618
P2B_031_log_primary_TemporalCNN_s0,max_lateral_acceleration_proxy,Fixed SG,2253,2901,0.259213810382295,0.11343677377138105,1.0625458278381466
P2B_031_log_primary_TemporalCNN_s0,max_lateral_acceleration_proxy,Selected,2253,2901,0.3027221201836616,0.12336039874972546,1.2545663662572077
P2B_031_log_primary_TemporalCNN_s0,boundary_heading_discontinuity,Raw,2277,2901,1.9370685086959238,0.4084647735411911,7.112942002394745
P2B_031_log_primary_TemporalCNN_s0,boundary_heading_discontinuity,Fixed SG,2277,2901,1.9686496827381235,0.42084793332675646,7.03999950682656
P2B_031_log_primary_TemporalCNN_s0,boundary_heading_discontinuity,Selected,2277,2901,1.9370685086959238,0.4084647735411911,7.112942002394745
P2B_032_log_primary_TemporalCNN_s1,max_abs_curvature,Raw,2262,2901,0.057294965839629536,0.0036026442292727175,0.17889410503824615
P2B_032_log_primary_TemporalCNN_s1,max_abs_curvature,Fixed SG,2262,2901,0.03803836078350994,0.0029321398674736618,0.101548131744784
P2B_032_log_primary_TemporalCNN_s1,max_abs_curvature,Selected,2262,2901,0.034985401739544814,0.003016721072159266,0.09879859220020248
P2B_032_log_primary_TemporalCNN_s1,max_lateral_acceleration_proxy,Raw,2262,2901,0.29963390795770267,0.12117079185584827,1.2955894404625563
P2B_032_log_primary_TemporalCNN_s1,max_lateral_acceleration_proxy,Fixed SG,2262,2901,0.25005452459396116,0.09158243119659559,1.1800616517022728
P2B_032_log_primary_TemporalCNN_s1,max_lateral_acceleration_proxy,Selected,2262,2901,0.2761715424867211,0.09467077411890355,1.3456403761642974
P2B_032_log_primary_TemporalCNN_s1,boundary_heading_discontinuity,Raw,2284,2901,2.087208209187527,0.46428829861090637,7.155663891375641
P2B_032_log_primary_TemporalCNN_s1,boundary_heading_discontinuity,Fixed SG,2284,2901,2.049524308011224,0.458935751263822,6.987981953330415
P2B_032_log_primary_TemporalCNN_s1,boundary_heading_discontinuity,Selected,2284,2901,2.087208209187527,0.46428829861090637,7.155663891375641
P2B_033_log_primary_TemporalCNN_s2,max_abs_curvature,Raw,2243,2901,0.0764462500463705,0.004820615370783316,0.13227984636229406
P2B_033_log_primary_TemporalCNN_s2,max_abs_curvature,Fixed SG,2243,2901,0.043353085235908355,0.003466318070339067,0.09532279354055913
P2B_033_log_primary_TemporalCNN_s2,max_abs_curvature,Selected,2243,2901,0.043353085235908355,0.003466318070339067,0.09532279354055913
P2B_033_log_primary_TemporalCNN_s2,max_lateral_acceleration_proxy,Raw,2243,2901,0.33903291877123004,0.16601550756505284,1.3400334728852972
P2B_033_log_primary_TemporalCNN_s2,max_lateral_acceleration_proxy,Fixed SG,2243,2901,0.2688397661940307,0.10910414355433216,1.2124656096670219
P2B_033_log_primary_TemporalCNN_s2,max_lateral_acceleration_proxy,Selected,2243,2901,0.2688397661940307,0.10910414355433216,1.2124656096670219
P2B_033_log_primary_TemporalCNN_s2,boundary_heading_discontinuity,Raw,2271,2901,1.998681812933553,0.41020654141022933,7.492291850764428
P2B_033_log_primary_TemporalCNN_s2,boundary_heading_discontinuity,Fixed SG,2271,2901,1.9770249684952472,0.4257452063047263,7.102437247133079
P2B_033_log_primary_TemporalCNN_s2,boundary_heading_discontinuity,Selected,2271,2901,1.9770249684952472,0.4257452063047263,7.102437247133079
P2B_034_log_primary_TemporalCNN_s3,max_abs_curvature,Raw,2284,2901,0.04014774983389212,0.003913562263601055,0.13376043178503347
P2B_034_log_primary_TemporalCNN_s3,max_abs_curvature,Fixed SG,2284,2901,0.03257483120466666,0.003102313020468442,0.10015292206454485
P2B_034_log_primary_TemporalCNN_s3,max_abs_curvature,Selected,2284,2901,0.020105735010084412,0.003053299429967178,0.09288267946825
P2B_034_log_primary_TemporalCNN_s3,max_lateral_acceleration_proxy,Raw,2284,2901,0.30291594218700574,0.13550612937710396,1.230704253342553
P2B_034_log_primary_TemporalCNN_s3,max_lateral_acceleration_proxy,Fixed SG,2284,2901,0.24126447834381232,0.09640913728785344,1.0677389283711904
P2B_034_log_primary_TemporalCNN_s3,max_lateral_acceleration_proxy,Selected,2284,2901,0.26220392666143083,0.0925754468861148,1.2394934351159288
P2B_034_log_primary_TemporalCNN_s3,boundary_heading_discontinuity,Raw,2269,2901,1.6787695143939452,0.4230920755074318,7.262294087489414
P2B_034_log_primary_TemporalCNN_s3,boundary_heading_discontinuity,Fixed SG,2269,2901,1.6973296237524833,0.41583307076587134,7.345276217516569
P2B_034_log_primary_TemporalCNN_s3,boundary_heading_discontinuity,Selected,2269,2901,1.6787695143939452,0.4230920755074318,7.262294087489414
P2B_035_log_primary_TemporalCNN_s4,max_abs_curvature,Raw,2220,2901,0.07070429638214124,0.005508883823520456,0.17235795751308247
P2B_035_log_primary_TemporalCNN_s4,max_abs_curvature,Fixed SG,2220,2901,0.06033999410293535,0.004005103697200092,0.10295389575597888
P2B_035_log_primary_TemporalCNN_s4,max_abs_curvature,Selected,2220,2901,0.053027603659854955,0.0034991421030119204,0.09989941666310488
P2B_035_log_primary_TemporalCNN_s4,max_lateral_acceleration_proxy,Raw,2220,2901,0.38914600649877035,0.21344728032626348,1.4853854468144019
P2B_035_log_primary_TemporalCNN_s4,max_lateral_acceleration_proxy,Fixed SG,2220,2901,0.2929987643351149,0.13101035609299616,1.2509821074957217
P2B_035_log_primary_TemporalCNN_s4,max_lateral_acceleration_proxy,Selected,2220,2901,0.2972348157091447,0.11176438175859602,1.3454940901201269
P2B_035_log_primary_TemporalCNN_s4,boundary_heading_discontinuity,Raw,2271,2901,2.2173202915629253,0.4747720297521075,7.559379259890992
P2B_035_log_primary_TemporalCNN_s4,boundary_heading_discontinuity,Fixed SG,2271,2901,2.229790336684864,0.5109733719034691,7.369642056625764
P2B_035_log_primary_TemporalCNN_s4,boundary_heading_discontinuity,Selected,2271,2901,2.2173202915629253,0.4747720297521075,7.559379259890992
P2B_036_log_primary_TemporalCNN_s5,max_abs_curvature,Raw,2250,2901,0.10927034835118506,0.005257878198877023,0.18732088684033796
P2B_036_log_primary_TemporalCNN_s5,max_abs_curvature,Fixed SG,2250,2901,0.061870872970643316,0.003885606172787605,0.11139105408631932
P2B_036_log_primary_TemporalCNN_s5,max_abs_curvature,Selected,2250,2901,0.06943869248922414,0.0037344517755422925,0.11272378934751029
P2B_036_log_primary_TemporalCNN_s5,max_lateral_acceleration_proxy,Raw,2250,2901,0.3815676280171262,0.19703127578696816,1.4499755655586115
P2B_036_log_primary_TemporalCNN_s5,max_lateral_acceleration_proxy,Fixed SG,2250,2901,0.26717494070690007,0.11026604601452256,1.1589833259592168
P2B_036_log_primary_TemporalCNN_s5,max_lateral_acceleration_proxy,Selected,2250,2901,0.2934280596512278,0.10391730857623493,1.3336283558255257
P2B_036_log_primary_TemporalCNN_s5,boundary_heading_discontinuity,Raw,2266,2901,2.819034463533189,0.4028246570421138,7.6503799815945275
P2B_036_log_primary_TemporalCNN_s5,boundary_heading_discontinuity,Fixed SG,2266,2901,2.8436668794350646,0.41773411697802276,7.660760852548304
P2B_036_log_primary_TemporalCNN_s5,boundary_heading_discontinuity,Selected,2266,2901,2.819034463533189,0.4028246570421138,7.6503799815945275
P2B_037_log_primary_TemporalCNN_s6,max_abs_curvature,Raw,2242,2901,0.1206570087254812,0.004529906895825411,0.21734557080671807
P2B_037_log_primary_TemporalCNN_s6,max_abs_curvature,Fixed SG,2242,2901,0.0610479056105468,0.0032904484971253427,0.10683041952601177
P2B_037_log_primary_TemporalCNN_s6,max_abs_curvature,Selected,2242,2901,0.06714797144722326,0.0032377983939114573,0.0916213401310586
P2B_037_log_primary_TemporalCNN_s6,max_lateral_acceleration_proxy,Raw,2242,2901,0.3810910739292113,0.1562344456339737,1.616722111651767
P2B_037_log_primary_TemporalCNN_s6,max_lateral_acceleration_proxy,Fixed SG,2242,2901,0.243993329386952,0.09866505877966586,1.0767313167371122
P2B_037_log_primary_TemporalCNN_s6,max_lateral_acceleration_proxy,Selected,2242,2901,0.26851772792846074,0.09898169536090176,1.2076890207561457
P2B_037_log_primary_TemporalCNN_s6,boundary_heading_discontinuity,Raw,2257,2901,3.3114303795004205,0.426052482876031,7.696572672452442
P2B_037_log_primary_TemporalCNN_s6,boundary_heading_discontinuity,Fixed SG,2257,2901,3.3683831094182373,0.43372584291576294,7.860019331263017
P2B_037_log_primary_TemporalCNN_s6,boundary_heading_discontinuity,Selected,2257,2901,3.3114303795004205,0.426052482876031,7.696572672452442
P2B_038_log_primary_TemporalCNN_s7,max_abs_curvature,Raw,2261,2901,0.054448943720752055,0.003870321471748971,0.16522554367505538
P2B_038_log_primary_TemporalCNN_s7,max_abs_curvature,Fixed SG,2261,2901,0.041092270663915756,0.0031301384876447247,0.12016289173918038
P2B_038_log_primary_TemporalCNN_s7,max_abs_curvature,Selected,2261,2901,0.03530340598640437,0.003398923814402344,0.13451472055346633
P2B_038_log_primary_TemporalCNN_s7,max_lateral_acceleration_proxy,Raw,2261,2901,0.30451791064559897,0.13602990685229874,1.2957292959526745
P2B_038_log_primary_TemporalCNN_s7,max_lateral_acceleration_proxy,Fixed SG,2261,2901,0.2578955762126976,0.0989097639586894,1.1873009133875398
P2B_038_log_primary_TemporalCNN_s7,max_lateral_acceleration_proxy,Selected,2261,2901,0.2976108575056355,0.10944476454230515,1.402758403335015
P2B_038_log_primary_TemporalCNN_s7,boundary_heading_discontinuity,Raw,2262,2901,2.3313188023191693,0.4431764088688662,7.4332671960637
P2B_038_log_primary_TemporalCNN_s7,boundary_heading_discontinuity,Fixed SG,2262,2901,2.3119218979298997,0.4380549509246532,7.337171819926574
P2B_038_log_primary_TemporalCNN_s7,boundary_heading_discontinuity,Selected,2262,2901,2.3313188023191693,0.4431764088688662,7.4332671960637
P2B_039_log_primary_TemporalCNN_s8,max_abs_curvature,Raw,2270,2901,0.07011598540189687,0.005904033650694114,0.16526334972157644
P2B_039_log_primary_TemporalCNN_s8,max_abs_curvature,Fixed SG,2270,2901,0.0522092731981377,0.0035591648110330455,0.12048892275147104
P2B_039_log_primary_TemporalCNN_s8,max_abs_curvature,Selected,2270,2901,0.040032160215530826,0.0035967665106032875,0.12250181889587118
P2B_039_log_primary_TemporalCNN_s8,max_lateral_acceleration_proxy,Raw,2270,2901,0.3522925548332853,0.20039914304153456,1.2454685695077359
P2B_039_log_primary_TemporalCNN_s8,max_lateral_acceleration_proxy,Fixed SG,2270,2901,0.26661470241618396,0.09909899224670618,1.278026789107279
P2B_039_log_primary_TemporalCNN_s8,max_lateral_acceleration_proxy,Selected,2270,2901,0.3006578276805503,0.10086982120491259,1.4053371035469586
P2B_039_log_primary_TemporalCNN_s8,boundary_heading_discontinuity,Raw,2269,2901,2.069068980308507,0.41509520792202126,7.581037839405878
P2B_039_log_primary_TemporalCNN_s8,boundary_heading_discontinuity,Fixed SG,2269,2901,2.0461208686895005,0.40387652482675523,7.319732011311003
P2B_039_log_primary_TemporalCNN_s8,boundary_heading_discontinuity,Selected,2269,2901,2.069068980308507,0.41509520792202126,7.581037839405878
P2B_040_log_primary_TemporalCNN_s9,max_abs_curvature,Raw,2250,2901,0.0718058145904359,0.004327494685074306,0.13144873976180063
P2B_040_log_primary_TemporalCNN_s9,max_abs_curvature,Fixed SG,2250,2901,0.04265157440202183,0.0036498233758093367,0.10759365696492247
P2B_040_log_primary_TemporalCNN_s9,max_abs_curvature,Selected,2250,2901,0.03945377963236855,0.0037980995457425662,0.1139987636337737
P2B_040_log_primary_TemporalCNN_s9,max_lateral_acceleration_proxy,Raw,2250,2901,0.31920314535314537,0.1585915397624048,1.2908033289792809
P2B_040_log_primary_TemporalCNN_s9,max_lateral_acceleration_proxy,Fixed SG,2250,2901,0.27882512390381115,0.12204451114959478,1.1542476167793534
P2B_040_log_primary_TemporalCNN_s9,max_lateral_acceleration_proxy,Selected,2250,2901,0.31569055079285213,0.1309854116527875,1.381125290237414
P2B_040_log_primary_TemporalCNN_s9,boundary_heading_discontinuity,Raw,2279,2901,2.087883880573964,0.3972538024691991,7.30483547687797
P2B_040_log_primary_TemporalCNN_s9,boundary_heading_discontinuity,Fixed SG,2279,2901,2.0872494762548492,0.40308977119159084,7.1072788574356816
P2B_040_log_primary_TemporalCNN_s9,boundary_heading_discontinuity,Selected,2279,2901,2.087883880573964,0.3972538024691991,7.30483547687797
P2B_041_log_primary_PositionalTransformer_s0,max_abs_curvature,Raw,2254,2901,0.04329804236801495,0.003217990542351112,0.13114765849712878
P2B_041_log_primary_PositionalTransformer_s0,max_abs_curvature,Fixed SG,2254,2901,0.04094086449011341,0.0027910633324796956,0.11692818290573026
P2B_041_log_primary_PositionalTransformer_s0,max_abs_curvature,Selected,2254,2901,0.04094086449011341,0.0027910633324796956,0.11692818290573026
P2B_041_log_primary_PositionalTransformer_s0,max_lateral_acceleration_proxy,Raw,2254,2901,0.2611911744493264,0.10318271937111761,1.1304706058835707
P2B_041_log_primary_PositionalTransformer_s0,max_lateral_acceleration_proxy,Fixed SG,2254,2901,0.23561994993626786,0.08602598590176899,1.084290928623764
P2B_041_log_primary_PositionalTransformer_s0,max_lateral_acceleration_proxy,Selected,2254,2901,0.23561994993626786,0.08602598590176899,1.084290928623764
P2B_041_log_primary_PositionalTransformer_s0,boundary_heading_discontinuity,Raw,2280,2901,2.003436902801999,0.416071820833384,6.706164111891293
P2B_041_log_primary_PositionalTransformer_s0,boundary_heading_discontinuity,Fixed SG,2280,2901,1.969969837139865,0.4105186231835488,6.573032478749809
P2B_041_log_primary_PositionalTransformer_s0,boundary_heading_discontinuity,Selected,2280,2901,1.969969837139865,0.4105186231835488,6.573032478749809
P2B_042_log_primary_PositionalTransformer_s1,max_abs_curvature,Raw,2310,2901,0.057891216843658964,0.0037160311570301457,0.2099657066566475
P2B_042_log_primary_PositionalTransformer_s1,max_abs_curvature,Fixed SG,2310,2901,0.03747430751309465,0.002595746024003985,0.1347849627256278
P2B_042_log_primary_PositionalTransformer_s1,max_abs_curvature,Selected,2310,2901,0.023795677604148486,0.0025860717407764347,0.1068299621619874
P2B_042_log_primary_PositionalTransformer_s1,max_lateral_acceleration_proxy,Raw,2310,2901,0.28301472809089046,0.10933724769146164,1.2224408636888893
P2B_042_log_primary_PositionalTransformer_s1,max_lateral_acceleration_proxy,Fixed SG,2310,2901,0.23079492036363952,0.06629610812668937,1.2075624157789893
P2B_042_log_primary_PositionalTransformer_s1,max_lateral_acceleration_proxy,Selected,2310,2901,0.2617913663746296,0.06060009211692009,1.4224948246502283
P2B_042_log_primary_PositionalTransformer_s1,boundary_heading_discontinuity,Raw,2285,2901,1.8156749353033952,0.38319717500574846,6.772467552991543
P2B_042_log_primary_PositionalTransformer_s1,boundary_heading_discontinuity,Fixed SG,2285,2901,1.7951603367727642,0.39995108362483694,6.550905858684579
P2B_042_log_primary_PositionalTransformer_s1,boundary_heading_discontinuity,Selected,2285,2901,1.8156749353033952,0.38319717500574846,6.772467552991543
P2B_043_log_primary_PositionalTransformer_s2,max_abs_curvature,Raw,2247,2901,0.038125319464194694,0.00315074495823408,0.13251644348017447
P2B_043_log_primary_PositionalTransformer_s2,max_abs_curvature,Fixed SG,2247,2901,0.030644036324686503,0.0029622956780707803,0.11213025195421629
P2B_043_log_primary_PositionalTransformer_s2,max_abs_curvature,Selected,2247,2901,0.026282193658204722,0.0029986633746279254,0.11846500252244403
P2B_043_log_primary_PositionalTransformer_s2,max_lateral_acceleration_proxy,Raw,2247,2901,0.2799276481670364,0.09262583192260491,1.299510625981145
P2B_043_log_primary_PositionalTransformer_s2,max_lateral_acceleration_proxy,Fixed SG,2247,2901,0.260608955841868,0.08037600899744109,1.3112244732204001
P2B_043_log_primary_PositionalTransformer_s2,max_lateral_acceleration_proxy,Selected,2247,2901,0.29125294007856284,0.08163193033570773,1.5063167358481127
P2B_043_log_primary_PositionalTransformer_s2,boundary_heading_discontinuity,Raw,2281,2901,1.6195027245675107,0.4067420461439943,6.627793704100423
P2B_043_log_primary_PositionalTransformer_s2,boundary_heading_discontinuity,Fixed SG,2281,2901,1.5982337781638414,0.40198003632822793,6.525010048389397
P2B_043_log_primary_PositionalTransformer_s2,boundary_heading_discontinuity,Selected,2281,2901,1.6195027245675107,0.4067420461439943,6.627793704100423
P2B_044_log_primary_PositionalTransformer_s3,max_abs_curvature,Raw,2255,2901,0.04197268458810583,0.003851576569767383,0.13687614272832785
P2B_044_log_primary_PositionalTransformer_s3,max_abs_curvature,Fixed SG,2255,2901,0.03238547129674215,0.002882952891559258,0.1010242649231762
P2B_044_log_primary_PositionalTransformer_s3,max_abs_curvature,Selected,2255,2901,0.028913362761242574,0.0031269578477940356,0.10507983458746986
P2B_044_log_primary_PositionalTransformer_s3,max_lateral_acceleration_proxy,Raw,2255,2901,0.2918102927200822,0.11757180383331406,1.2365314752017746
P2B_044_log_primary_PositionalTransformer_s3,max_lateral_acceleration_proxy,Fixed SG,2255,2901,0.24235384686186148,0.0847369220643685,1.1692629829430465
P2B_044_log_primary_PositionalTransformer_s3,max_lateral_acceleration_proxy,Selected,2255,2901,0.2764639659911661,0.09318040382815668,1.3676834055168727
P2B_044_log_primary_PositionalTransformer_s3,boundary_heading_discontinuity,Raw,2280,2901,1.988043927815398,0.5194317780399939,7.158658678685173
P2B_044_log_primary_PositionalTransformer_s3,boundary_heading_discontinuity,Fixed SG,2280,2901,1.9425537244535613,0.4978304078181942,6.836654618106452
P2B_044_log_primary_PositionalTransformer_s3,boundary_heading_discontinuity,Selected,2280,2901,1.988043927815398,0.5194317780399939,7.158658678685173
P2B_045_log_primary_PositionalTransformer_s4,max_abs_curvature,Raw,2870,2901,0.14055466893165647,0.00591943718233319,0.5399377394453125
P2B_045_log_primary_PositionalTransformer_s4,max_abs_curvature,Fixed SG,2870,2901,0.06372739058845897,0.004927198815218517,0.22483039375622296
P2B_045_log_primary_PositionalTransformer_s4,max_abs_curvature,Selected,2870,2901,0.10838307409313866,0.0051227376062127575,0.4292663515840891
P2B_045_log_primary_PositionalTransformer_s4,max_lateral_acceleration_proxy,Raw,2870,2901,0.22008712968458743,0.07580973773256872,1.1188900548097365
P2B_045_log_primary_PositionalTransformer_s4,max_lateral_acceleration_proxy,Fixed SG,2870,2901,0.18539454654043175,0.05251488594317368,1.0148032090923709
P2B_045_log_primary_PositionalTransformer_s4,max_lateral_acceleration_proxy,Selected,2870,2901,0.19402390936882527,0.06200655082111661,1.0435544170782105
P2B_045_log_primary_PositionalTransformer_s4,boundary_heading_discontinuity,Raw,2287,2901,2.0338318808582705,0.37764946483699574,6.913981144455416
P2B_045_log_primary_PositionalTransformer_s4,boundary_heading_discontinuity,Fixed SG,2287,2901,2.027143061233696,0.3796521778803028,6.785296463143453
P2B_045_log_primary_PositionalTransformer_s4,boundary_heading_discontinuity,Selected,2287,2901,2.0338318808582705,0.37764946483699574,6.913981144455416
P2B_046_log_primary_PositionalTransformer_s5,max_abs_curvature,Raw,2233,2901,0.04110411473403114,0.004426083124452933,0.15483190816708253
P2B_046_log_primary_PositionalTransformer_s5,max_abs_curvature,Fixed SG,2233,2901,0.04118251670338154,0.00322265169759362,0.12622380173001438
P2B_046_log_primary_PositionalTransformer_s5,max_abs_curvature,Selected,2233,2901,0.0348210185699548,0.003949138965023587,0.13147151153445888
P2B_046_log_primary_PositionalTransformer_s5,max_lateral_acceleration_proxy,Raw,2233,2901,0.3372214013752488,0.14614409434913778,1.4600325479121263
P2B_046_log_primary_PositionalTransformer_s5,max_lateral_acceleration_proxy,Fixed SG,2233,2901,0.2643026551104638,0.10979408743707925,1.2630040621017113
P2B_046_log_primary_PositionalTransformer_s5,max_lateral_acceleration_proxy,Selected,2233,2901,0.29549566656269205,0.12716639508035185,1.3542649052165627
P2B_046_log_primary_PositionalTransformer_s5,boundary_heading_discontinuity,Raw,2276,2901,1.8402972048499118,0.5218216103776944,7.104756580760727
P2B_046_log_primary_PositionalTransformer_s5,boundary_heading_discontinuity,Fixed SG,2276,2901,1.7735351121416174,0.5016588101212136,6.923454375402535
P2B_046_log_primary_PositionalTransformer_s5,boundary_heading_discontinuity,Selected,2276,2901,1.8402972048499118,0.5218216103776944,7.104756580760727
P2B_047_log_primary_PositionalTransformer_s6,max_abs_curvature,Raw,2898,2901,0.05388126027859112,0.007101819309422313,0.1581087376665026
P2B_047_log_primary_PositionalTransformer_s6,max_abs_curvature,Fixed SG,2898,2901,0.06230674972421252,0.004825797850707274,0.22919778839181476
P2B_047_log_primary_PositionalTransformer_s6,max_abs_curvature,Selected,2898,2901,0.05388126027859112,0.007101819309422313,0.1581087376665026
P2B_047_log_primary_PositionalTransformer_s6,max_lateral_acceleration_proxy,Raw,2898,2901,0.2309234840984791,0.1256124552947549,0.9379761082278141
P2B_047_log_primary_PositionalTransformer_s6,max_lateral_acceleration_proxy,Fixed SG,2898,2901,0.1880293702547276,0.0635420185833312,0.9824542211095214
P2B_047_log_primary_PositionalTransformer_s6,max_lateral_acceleration_proxy,Selected,2898,2901,0.2309234840984791,0.1256124552947549,0.9379761082278141
P2B_047_log_primary_PositionalTransformer_s6,boundary_heading_discontinuity,Raw,2287,2901,1.9928519567636254,0.39722287288221786,6.676194162974301
P2B_047_log_primary_PositionalTransformer_s6,boundary_heading_discontinuity,Fixed SG,2287,2901,1.9591953556540274,0.377521057098137,6.594672052129689
P2B_047_log_primary_PositionalTransformer_s6,boundary_heading_discontinuity,Selected,2287,2901,1.9928519567636254,0.39722287288221786,6.676194162974301
P2B_048_log_primary_PositionalTransformer_s7,max_abs_curvature,Raw,2229,2901,0.04836141571395686,0.0036844872749106266,0.15551029880621972
P2B_048_log_primary_PositionalTransformer_s7,max_abs_curvature,Fixed SG,2229,2901,0.039427519302780885,0.0032044986740149706,0.10611754023887152
P2B_048_log_primary_PositionalTransformer_s7,max_abs_curvature,Selected,2229,2901,0.030791713545785145,0.003358978132194876,0.11419757167269386
P2B_048_log_primary_PositionalTransformer_s7,max_lateral_acceleration_proxy,Raw,2229,2901,0.2974788850722269,0.10490002068964853,1.3160872312392455
P2B_048_log_primary_PositionalTransformer_s7,max_lateral_acceleration_proxy,Fixed SG,2229,2901,0.2470630446821294,0.08671765575599422,1.1277132582423555
P2B_048_log_primary_PositionalTransformer_s7,max_lateral_acceleration_proxy,Selected,2229,2901,0.29149212289494575,0.08964995172630029,1.3996824066288536
P2B_048_log_primary_PositionalTransformer_s7,boundary_heading_discontinuity,Raw,2271,2901,1.9902213460249516,0.4403022263344058,6.980446770983422
P2B_048_log_primary_PositionalTransformer_s7,boundary_heading_discontinuity,Fixed SG,2271,2901,1.9793736406600686,0.449257206259161,6.920832552938165
P2B_048_log_primary_PositionalTransformer_s7,boundary_heading_discontinuity,Selected,2271,2901,1.9902213460249516,0.4403022263344058,6.980446770983422
P2B_049_log_primary_PositionalTransformer_s8,max_abs_curvature,Raw,2876,2901,0.06734772357010402,0.007491239634612699,0.21174260507412568
P2B_049_log_primary_PositionalTransformer_s8,max_abs_curvature,Fixed SG,2876,2901,0.07014313657051163,0.005907666567499246,0.2677634624635943
P2B_049_log_primary_PositionalTransformer_s8,max_abs_curvature,Selected,2876,2901,0.043827895101580576,0.005484508375313026,0.15117474924028695
P2B_049_log_primary_PositionalTransformer_s8,max_lateral_acceleration_proxy,Raw,2876,2901,0.2512231403183576,0.08207035678316643,1.2685604652718887
P2B_049_log_primary_PositionalTransformer_s8,max_lateral_acceleration_proxy,Fixed SG,2876,2901,0.21104164293323718,0.05986062394664719,1.0894994146608383
P2B_049_log_primary_PositionalTransformer_s8,max_lateral_acceleration_proxy,Selected,2876,2901,0.21954524699958905,0.05663962794041218,1.1961852817784884
P2B_049_log_primary_PositionalTransformer_s8,boundary_heading_discontinuity,Raw,2287,2901,2.0804927056714835,0.44215680313515704,6.918704715013288
P2B_049_log_primary_PositionalTransformer_s8,boundary_heading_discontinuity,Fixed SG,2287,2901,2.033171080349196,0.4241931635853929,6.661574299140223
P2B_049_log_primary_PositionalTransformer_s8,boundary_heading_discontinuity,Selected,2287,2901,2.0804927056714835,0.44215680313515704,6.918704715013288
P2B_050_log_primary_PositionalTransformer_s9,max_abs_curvature,Raw,2884,2901,0.17183157192181944,0.007203935857767298,0.6507800467642064
P2B_050_log_primary_PositionalTransformer_s9,max_abs_curvature,Fixed SG,2884,2901,0.03675848865833174,0.0059830019863978835,0.09304382657172629
P2B_050_log_primary_PositionalTransformer_s9,max_abs_curvature,Selected,2884,2901,0.03675848865833174,0.0059830019863978835,0.09304382657172629
P2B_050_log_primary_PositionalTransformer_s9,max_lateral_acceleration_proxy,Raw,2884,2901,0.2542218027365785,0.10504177664079375,1.2215742527144198
P2B_050_log_primary_PositionalTransformer_s9,max_lateral_acceleration_proxy,Fixed SG,2884,2901,0.21617942229579692,0.060800402038345254,1.1847100158613597
P2B_050_log_primary_PositionalTransformer_s9,max_lateral_acceleration_proxy,Selected,2884,2901,0.21617942229579692,0.060800402038345254,1.1847100158613597
P2B_050_log_primary_PositionalTransformer_s9,boundary_heading_discontinuity,Raw,2287,2901,2.031265371858599,0.4202673616275314,6.951941316867722
P2B_050_log_primary_PositionalTransformer_s9,boundary_heading_discontinuity,Fixed SG,2287,2901,2.0169532909540715,0.44393635556829814,6.820281740159201
P2B_050_log_primary_PositionalTransformer_s9,boundary_heading_discontinuity,Selected,2287,2901,2.0169532909540715,0.44393635556829814,6.820281740159201
