metric,unit,strategy,valid_pairs,total_pairs,mean,median,p95
max_abs_curvature,m^-1,Raw,116595,145050,0.09937517624269457,0.0044111087948673165,0.2527172781890001
max_abs_curvature,m^-1,Fixed SG,116595,145050,0.06126407656519713,0.0035241253750789058,0.1817808212585278
max_abs_curvature,m^-1,Selected,116595,145050,0.05587775283879204,0.0035922279312438853,0.15389739349389764
max_lateral_acceleration_proxy,m s^-2,Raw,116595,145050,0.29829062416284075,0.13558666683520576,1.2580873509484007
max_lateral_acceleration_proxy,m s^-2,Fixed SG,116595,145050,0.25012438093980854,0.09697467109096702,1.1549153101345895
max_lateral_acceleration_proxy,m s^-2,Selected,116595,145050,0.267827490235565,0.09928358649405913,1.25892084585661
boundary_heading_discontinuity,degree,Raw,113733,145050,2.108494403515913,0.418338397916202,7.226695887554635
boundary_heading_discontinuity,degree,Fixed SG,113733,145050,2.0866912882227466,0.4154498738144172,7.060848624996894
boundary_heading_discontinuity,degree,Selected,113733,145050,2.099776639340902,0.4179860413356076,7.153193005603115
